# Blender 4.3.2
# www.blender.org
mtllib star.mtl
o Curve
v -0.037134 0.056473 -0.448352
v -0.040017 0.056473 -0.447507
v -0.042769 0.056473 -0.446584
v -0.045406 0.056473 -0.445570
v -0.047948 0.056473 -0.444453
v -0.050411 0.056473 -0.443222
v -0.052815 0.056473 -0.441866
v -0.055178 0.056473 -0.440372
v -0.057517 0.056473 -0.438729
v -0.059851 0.056473 -0.436926
v -0.062198 0.056473 -0.434950
v -0.064576 0.056473 -0.432790
v -0.067003 0.056473 -0.430434
v -0.068859 0.056473 -0.428580
v -0.070525 0.056473 -0.426848
v -0.072028 0.056473 -0.425202
v -0.073396 0.056473 -0.423604
v -0.074657 0.056473 -0.422017
v -0.075839 0.056473 -0.420402
v -0.076969 0.056473 -0.418723
v -0.078075 0.056473 -0.416941
v -0.079184 0.056473 -0.415019
v -0.080324 0.056473 -0.412919
v -0.081523 0.056473 -0.410605
v -0.082809 0.056473 -0.408037
v -0.091004 0.056473 -0.391235
v -0.098867 0.056473 -0.375199
v -0.106333 0.056473 -0.360060
v -0.113332 0.056473 -0.345952
v -0.119800 0.056473 -0.333007
v -0.125668 0.056473 -0.321357
v -0.130869 0.056473 -0.311136
v -0.135338 0.056473 -0.302476
v -0.139006 0.056473 -0.295509
v -0.141807 0.056473 -0.290369
v -0.143673 0.056473 -0.287187
v -0.144538 0.056473 -0.286097
v -0.148605 0.056473 -0.285692
v -0.157160 0.056473 -0.284567
v -0.169309 0.056473 -0.282858
v -0.184156 0.056473 -0.280701
v -0.200809 0.056473 -0.278230
v -0.218371 0.056473 -0.275583
v -0.235949 0.056473 -0.272894
v -0.252648 0.056473 -0.270299
v -0.267573 0.056473 -0.267935
v -0.279831 0.056473 -0.265935
v -0.288526 0.056473 -0.264437
v -0.292764 0.056473 -0.263576
v -0.302738 0.056473 -0.259709
v -0.311647 0.056473 -0.254451
v -0.319428 0.056473 -0.247979
v -0.326016 0.056473 -0.240474
v -0.331348 0.056473 -0.232112
v -0.335358 0.056473 -0.223074
v -0.337985 0.056473 -0.213539
v -0.339162 0.056473 -0.203684
v -0.338828 0.056473 -0.193690
v -0.336916 0.056473 -0.183734
v -0.333365 0.056473 -0.173996
v -0.328109 0.056473 -0.164655
v -0.326930 0.056473 -0.163098
v -0.325026 0.056473 -0.160868
v -0.322419 0.056473 -0.157987
v -0.319130 0.056473 -0.154475
v -0.315180 0.056473 -0.150355
v -0.310592 0.056473 -0.145649
v -0.305386 0.056473 -0.140377
v -0.299586 0.056473 -0.134562
v -0.293211 0.056473 -0.128225
v -0.286284 0.056473 -0.121387
v -0.278826 0.056473 -0.114071
v -0.270860 0.056473 -0.106298
v -0.262516 0.056473 -0.098148
v -0.254906 0.056473 -0.090680
v -0.248030 0.056473 -0.083891
v -0.241885 0.056473 -0.077781
v -0.236469 0.056473 -0.072346
v -0.231781 0.056473 -0.067585
v -0.227819 0.056473 -0.063496
v -0.224581 0.056473 -0.060075
v -0.222066 0.056473 -0.057322
v -0.220271 0.056473 -0.055234
v -0.219196 0.056473 -0.053808
v -0.218838 0.056473 -0.053043
v -0.219233 0.056473 -0.050159
v -0.220333 0.056473 -0.043207
v -0.222005 0.056473 -0.032957
v -0.224120 0.056473 -0.020185
v -0.226546 0.056473 -0.005661
v -0.229152 0.056473 0.009840
v -0.231807 0.056473 0.025546
v -0.234381 0.056473 0.040684
v -0.236742 0.056473 0.054481
v -0.238759 0.056473 0.066164
v -0.240302 0.056473 0.074959
v -0.241240 0.056473 0.080096
v -0.241660 0.056473 0.082434
v -0.241989 0.056473 0.084999
v -0.242227 0.056473 0.087744
v -0.242378 0.056473 0.090621
v -0.242442 0.056473 0.093583
v -0.242422 0.056473 0.096582
v -0.242318 0.056473 0.099571
v -0.242134 0.056473 0.102502
v -0.241870 0.056473 0.105327
v -0.241528 0.056473 0.108000
v -0.241110 0.056473 0.110472
v -0.240617 0.056473 0.112696
v -0.237616 0.056473 0.121486
v -0.233485 0.056473 0.129583
v -0.228343 0.056473 0.136924
v -0.222309 0.056473 0.143443
v -0.215502 0.056473 0.149076
v -0.208041 0.056473 0.153757
v -0.200047 0.056473 0.157422
v -0.191637 0.056473 0.160006
v -0.182932 0.056473 0.161444
v -0.174051 0.056473 0.161672
v -0.165113 0.056473 0.160624
v -0.156237 0.056473 0.158237
v -0.154672 0.056473 0.157591
v -0.152026 0.056473 0.156367
v -0.148385 0.056473 0.154609
v -0.143833 0.056473 0.152361
v -0.138457 0.056473 0.149667
v -0.132342 0.056473 0.146571
v -0.125573 0.056473 0.143118
v -0.118237 0.056473 0.139351
v -0.110418 0.056473 0.135314
v -0.102203 0.056473 0.131052
v -0.093676 0.056473 0.126609
v -0.084924 0.056473 0.122028
v -0.083666 0.056473 0.121364
v -0.080186 0.056473 0.119530
v -0.074929 0.056473 0.116759
v -0.068340 0.056473 0.113286
v -0.060862 0.056473 0.109344
v -0.052940 0.056473 0.105168
v -0.045017 0.056473 0.100992
v -0.037539 0.056473 0.097050
v -0.030950 0.056473 0.093577
v -0.025693 0.056473 0.090806
v -0.022213 0.056473 0.088971
v -0.020955 0.056473 0.088308
v 0.029201 0.056473 0.114687
v 0.036105 0.056473 0.118311
v 0.043012 0.056473 0.121940
v 0.049842 0.056473 0.125531
v 0.056516 0.056473 0.129042
v 0.062953 0.056473 0.132430
v 0.069073 0.056473 0.135653
v 0.074796 0.056473 0.138668
v 0.080043 0.056473 0.141434
v 0.084733 0.056473 0.143908
v 0.088786 0.056473 0.146047
v 0.092123 0.056473 0.147810
v 0.094664 0.056473 0.149153
v 0.098770 0.056473 0.151259
v 0.102697 0.056473 0.153161
v 0.106456 0.056473 0.154863
v 0.110059 0.056473 0.156370
v 0.113519 0.056473 0.157685
v 0.116848 0.056473 0.158812
v 0.120057 0.056473 0.159755
v 0.123159 0.056473 0.160518
v 0.126166 0.056473 0.161104
v 0.129090 0.056473 0.161518
v 0.131944 0.056473 0.161764
v 0.134738 0.056473 0.161845
v 0.142103 0.056473 0.161424
v 0.149286 0.056473 0.160192
v 0.156232 0.056473 0.158190
v 0.162883 0.056473 0.155462
v 0.169184 0.056473 0.152052
v 0.175077 0.056473 0.148002
v 0.180506 0.056473 0.143356
v 0.185414 0.056473 0.138157
v 0.189745 0.056473 0.132449
v 0.193442 0.056473 0.126273
v 0.196449 0.056473 0.119675
v 0.198708 0.056473 0.112696
v 0.199453 0.056473 0.109439
v 0.199991 0.056473 0.106104
v 0.200297 0.056473 0.102452
v 0.200344 0.056473 0.098244
v 0.200108 0.056473 0.093241
v 0.199563 0.056473 0.087204
v 0.198684 0.056473 0.079894
v 0.197445 0.056473 0.071072
v 0.195820 0.056473 0.060500
v 0.193784 0.056473 0.047938
v 0.191312 0.056473 0.033148
v 0.188378 0.056473 0.015890
v 0.188138 0.056473 0.014497
v 0.187475 0.056473 0.010646
v 0.186472 0.056473 0.004828
v 0.185216 0.056473 -0.002465
v 0.183790 0.056473 -0.010741
v 0.182280 0.056473 -0.019509
v 0.180769 0.056473 -0.028277
v 0.179344 0.056473 -0.036554
v 0.178087 0.056473 -0.043847
v 0.177085 0.056473 -0.049665
v 0.176421 0.056473 -0.053516
v 0.176181 0.056473 -0.054909
v 0.227208 0.056473 -0.104556
v 0.234176 0.056473 -0.111357
v 0.240972 0.056473 -0.118026
v 0.247527 0.056473 -0.124492
v 0.253772 0.056473 -0.130686
v 0.259638 0.056473 -0.136538
v 0.265058 0.056473 -0.141978
v 0.269961 0.056473 -0.146936
v 0.274279 0.056473 -0.151341
v 0.277945 0.056473 -0.155125
v 0.280888 0.056473 -0.158216
v 0.283040 0.056473 -0.160545
v 0.284333 0.056473 -0.162042
v 0.288733 0.056473 -0.168600
v 0.292231 0.056473 -0.175525
v 0.294832 0.056473 -0.182736
v 0.296538 0.056473 -0.190149
v 0.297357 0.056473 -0.197681
v 0.297291 0.056473 -0.205250
v 0.296347 0.056473 -0.212772
v 0.294529 0.056473 -0.220164
v 0.291841 0.056473 -0.227344
v 0.288288 0.056473 -0.234228
v 0.283875 0.056473 -0.240734
v 0.278608 0.056473 -0.246778
v 0.275489 0.056473 -0.249832
v 0.272428 0.056473 -0.252545
v 0.269347 0.056473 -0.254949
v 0.266171 0.056473 -0.257078
v 0.262823 0.056473 -0.258963
v 0.259224 0.056473 -0.260636
v 0.255299 0.056473 -0.262131
v 0.250970 0.056473 -0.263479
v 0.246160 0.056473 -0.264713
v 0.240793 0.056473 -0.265866
v 0.234792 0.056473 -0.266969
v 0.228079 0.056473 -0.268055
v 0.217725 0.056473 -0.269586
v 0.205823 0.056473 -0.271336
v 0.192833 0.056473 -0.273236
v 0.179214 0.056473 -0.275221
v 0.165426 0.056473 -0.277223
v 0.151928 0.056473 -0.279176
v 0.139180 0.056473 -0.281012
v 0.127640 0.056473 -0.282664
v 0.117768 0.056473 -0.284066
v 0.110023 0.056473 -0.285150
v 0.104865 0.056473 -0.285849
v 0.102753 0.056473 -0.286097
v 0.102001 0.056473 -0.286958
v 0.100430 0.056473 -0.289542
v 0.098040 0.056473 -0.293851
v 0.094830 0.056473 -0.299886
v 0.090800 0.056473 -0.307649
v 0.085952 0.056473 -0.317142
v 0.080284 0.056473 -0.328367
v 0.073797 0.056473 -0.341325
v 0.066490 0.056473 -0.356018
v 0.058364 0.056473 -0.372448
v 0.049419 0.056473 -0.390617
v 0.039655 0.056473 -0.410526
v 0.035605 0.056473 -0.417750
v 0.030907 0.056473 -0.424345
v 0.025626 0.056473 -0.430277
v 0.019830 0.056473 -0.435513
v 0.013583 0.056473 -0.440019
v 0.006954 0.056473 -0.443763
v 0.000009 0.056473 -0.446712
v -0.007186 0.056473 -0.448831
v -0.014565 0.056473 -0.450088
v -0.022060 0.056473 -0.450449
v -0.029605 0.056473 -0.449882
v -0.037134 -0.043527 -0.448352
v -0.040017 -0.043527 -0.447507
v -0.042769 -0.043527 -0.446584
v -0.045406 -0.043527 -0.445570
v -0.047948 -0.043527 -0.444453
v -0.050411 -0.043527 -0.443222
v -0.052815 -0.043527 -0.441866
v -0.055178 -0.043527 -0.440372
v -0.057517 -0.043527 -0.438729
v -0.059851 -0.043527 -0.436926
v -0.062198 -0.043527 -0.434950
v -0.064576 -0.043527 -0.432790
v -0.067003 -0.043527 -0.430434
v -0.068859 -0.043527 -0.428580
v -0.070525 -0.043527 -0.426848
v -0.072028 -0.043527 -0.425202
v -0.073396 -0.043527 -0.423604
v -0.074657 -0.043527 -0.422017
v -0.075839 -0.043527 -0.420402
v -0.076969 -0.043527 -0.418723
v -0.078075 -0.043527 -0.416941
v -0.079184 -0.043527 -0.415019
v -0.080324 -0.043527 -0.412919
v -0.081523 -0.043527 -0.410605
v -0.082809 -0.043527 -0.408037
v -0.091004 -0.043527 -0.391235
v -0.098867 -0.043527 -0.375199
v -0.106333 -0.043527 -0.360060
v -0.113332 -0.043527 -0.345952
v -0.119800 -0.043527 -0.333007
v -0.125668 -0.043527 -0.321357
v -0.130869 -0.043527 -0.311136
v -0.135338 -0.043527 -0.302476
v -0.139006 -0.043527 -0.295509
v -0.141807 -0.043527 -0.290369
v -0.143673 -0.043527 -0.287187
v -0.144538 -0.043527 -0.286097
v -0.148605 -0.043527 -0.285692
v -0.157160 -0.043527 -0.284567
v -0.169309 -0.043527 -0.282858
v -0.184156 -0.043527 -0.280701
v -0.200809 -0.043527 -0.278230
v -0.218371 -0.043527 -0.275583
v -0.235949 -0.043527 -0.272894
v -0.252648 -0.043527 -0.270299
v -0.267573 -0.043527 -0.267935
v -0.279831 -0.043527 -0.265935
v -0.288526 -0.043527 -0.264437
v -0.292764 -0.043527 -0.263576
v -0.302738 -0.043527 -0.259709
v -0.311647 -0.043527 -0.254451
v -0.319428 -0.043527 -0.247979
v -0.326016 -0.043527 -0.240474
v -0.331348 -0.043527 -0.232112
v -0.335358 -0.043527 -0.223074
v -0.337985 -0.043527 -0.213539
v -0.339162 -0.043527 -0.203684
v -0.338828 -0.043527 -0.193690
v -0.336916 -0.043527 -0.183734
v -0.333365 -0.043527 -0.173996
v -0.328109 -0.043527 -0.164655
v -0.326930 -0.043527 -0.163098
v -0.325026 -0.043527 -0.160868
v -0.322419 -0.043527 -0.157987
v -0.319130 -0.043527 -0.154475
v -0.315180 -0.043527 -0.150355
v -0.310592 -0.043527 -0.145649
v -0.305386 -0.043527 -0.140377
v -0.299586 -0.043527 -0.134562
v -0.293211 -0.043527 -0.128225
v -0.286284 -0.043527 -0.121387
v -0.278826 -0.043527 -0.114071
v -0.270860 -0.043527 -0.106298
v -0.262516 -0.043527 -0.098148
v -0.254906 -0.043527 -0.090680
v -0.248030 -0.043527 -0.083891
v -0.241885 -0.043527 -0.077781
v -0.236469 -0.043527 -0.072346
v -0.231781 -0.043527 -0.067585
v -0.227819 -0.043527 -0.063496
v -0.224581 -0.043527 -0.060075
v -0.222066 -0.043527 -0.057322
v -0.220271 -0.043527 -0.055234
v -0.219196 -0.043527 -0.053808
v -0.218838 -0.043527 -0.053043
v -0.219233 -0.043527 -0.050159
v -0.220333 -0.043527 -0.043207
v -0.222005 -0.043527 -0.032957
v -0.224120 -0.043527 -0.020185
v -0.226546 -0.043527 -0.005661
v -0.229152 -0.043527 0.009840
v -0.231807 -0.043527 0.025546
v -0.234381 -0.043527 0.040684
v -0.236742 -0.043527 0.054481
v -0.238759 -0.043527 0.066164
v -0.240302 -0.043527 0.074959
v -0.241240 -0.043527 0.080096
v -0.241660 -0.043527 0.082434
v -0.241989 -0.043527 0.084999
v -0.242227 -0.043527 0.087744
v -0.242378 -0.043527 0.090621
v -0.242442 -0.043527 0.093583
v -0.242422 -0.043527 0.096582
v -0.242318 -0.043527 0.099571
v -0.242134 -0.043527 0.102502
v -0.241870 -0.043527 0.105327
v -0.241528 -0.043527 0.108000
v -0.241110 -0.043527 0.110472
v -0.240617 -0.043527 0.112696
v -0.237616 -0.043527 0.121486
v -0.233485 -0.043527 0.129583
v -0.228343 -0.043527 0.136924
v -0.222309 -0.043527 0.143443
v -0.215502 -0.043527 0.149076
v -0.208041 -0.043527 0.153757
v -0.200047 -0.043527 0.157422
v -0.191637 -0.043527 0.160006
v -0.182932 -0.043527 0.161444
v -0.174051 -0.043527 0.161672
v -0.165113 -0.043527 0.160624
v -0.156237 -0.043527 0.158237
v -0.154672 -0.043527 0.157591
v -0.152026 -0.043527 0.156367
v -0.148385 -0.043527 0.154609
v -0.143833 -0.043527 0.152361
v -0.138457 -0.043527 0.149667
v -0.132342 -0.043527 0.146571
v -0.125573 -0.043527 0.143118
v -0.118237 -0.043527 0.139351
v -0.110418 -0.043527 0.135314
v -0.102203 -0.043527 0.131052
v -0.093676 -0.043527 0.126609
v -0.084924 -0.043527 0.122028
v -0.083666 -0.043527 0.121364
v -0.080186 -0.043527 0.119530
v -0.074929 -0.043527 0.116759
v -0.068340 -0.043527 0.113286
v -0.060862 -0.043527 0.109344
v -0.052940 -0.043527 0.105168
v -0.045017 -0.043527 0.100992
v -0.037539 -0.043527 0.097050
v -0.030950 -0.043527 0.093577
v -0.025693 -0.043527 0.090806
v -0.022213 -0.043527 0.088971
v -0.020955 -0.043527 0.088308
v 0.029201 -0.043527 0.114687
v 0.036105 -0.043527 0.118311
v 0.043012 -0.043527 0.121940
v 0.049842 -0.043527 0.125531
v 0.056516 -0.043527 0.129042
v 0.062953 -0.043527 0.132430
v 0.069073 -0.043527 0.135653
v 0.074796 -0.043527 0.138668
v 0.080043 -0.043527 0.141434
v 0.084733 -0.043527 0.143908
v 0.088786 -0.043527 0.146047
v 0.092123 -0.043527 0.147810
v 0.094664 -0.043527 0.149153
v 0.098770 -0.043527 0.151259
v 0.102697 -0.043527 0.153161
v 0.106456 -0.043527 0.154863
v 0.110059 -0.043527 0.156370
v 0.113519 -0.043527 0.157685
v 0.116848 -0.043527 0.158812
v 0.120057 -0.043527 0.159755
v 0.123159 -0.043527 0.160518
v 0.126166 -0.043527 0.161104
v 0.129090 -0.043527 0.161518
v 0.131944 -0.043527 0.161764
v 0.134738 -0.043527 0.161845
v 0.142103 -0.043527 0.161424
v 0.149286 -0.043527 0.160192
v 0.156232 -0.043527 0.158190
v 0.162883 -0.043527 0.155462
v 0.169184 -0.043527 0.152052
v 0.175077 -0.043527 0.148002
v 0.180506 -0.043527 0.143356
v 0.185414 -0.043527 0.138157
v 0.189745 -0.043527 0.132449
v 0.193442 -0.043527 0.126273
v 0.196449 -0.043527 0.119675
v 0.198708 -0.043527 0.112696
v 0.199453 -0.043527 0.109439
v 0.199991 -0.043527 0.106104
v 0.200297 -0.043527 0.102452
v 0.200344 -0.043527 0.098244
v 0.200108 -0.043527 0.093241
v 0.199563 -0.043527 0.087204
v 0.198684 -0.043527 0.079894
v 0.197445 -0.043527 0.071072
v 0.195820 -0.043527 0.060500
v 0.193784 -0.043527 0.047938
v 0.191312 -0.043527 0.033148
v 0.188378 -0.043527 0.015890
v 0.188138 -0.043527 0.014497
v 0.187475 -0.043527 0.010646
v 0.186472 -0.043527 0.004828
v 0.185216 -0.043527 -0.002465
v 0.183790 -0.043527 -0.010741
v 0.182280 -0.043527 -0.019509
v 0.180769 -0.043527 -0.028277
v 0.179344 -0.043527 -0.036554
v 0.178087 -0.043527 -0.043847
v 0.177085 -0.043527 -0.049665
v 0.176421 -0.043527 -0.053516
v 0.176181 -0.043527 -0.054909
v 0.227208 -0.043527 -0.104556
v 0.234176 -0.043527 -0.111357
v 0.240972 -0.043527 -0.118026
v 0.247527 -0.043527 -0.124492
v 0.253772 -0.043527 -0.130686
v 0.259638 -0.043527 -0.136538
v 0.265058 -0.043527 -0.141978
v 0.269961 -0.043527 -0.146936
v 0.274279 -0.043527 -0.151341
v 0.277945 -0.043527 -0.155125
v 0.280888 -0.043527 -0.158216
v 0.283040 -0.043527 -0.160545
v 0.284333 -0.043527 -0.162042
v 0.288733 -0.043527 -0.168600
v 0.292231 -0.043527 -0.175525
v 0.294832 -0.043527 -0.182736
v 0.296538 -0.043527 -0.190149
v 0.297357 -0.043527 -0.197681
v 0.297291 -0.043527 -0.205250
v 0.296347 -0.043527 -0.212772
v 0.294529 -0.043527 -0.220164
v 0.291841 -0.043527 -0.227344
v 0.288288 -0.043527 -0.234228
v 0.283875 -0.043527 -0.240734
v 0.278608 -0.043527 -0.246778
v 0.275489 -0.043527 -0.249832
v 0.272428 -0.043527 -0.252545
v 0.269347 -0.043527 -0.254949
v 0.266171 -0.043527 -0.257078
v 0.262823 -0.043527 -0.258963
v 0.259224 -0.043527 -0.260636
v 0.255299 -0.043527 -0.262131
v 0.250970 -0.043527 -0.263479
v 0.246160 -0.043527 -0.264713
v 0.240793 -0.043527 -0.265866
v 0.234792 -0.043527 -0.266969
v 0.228079 -0.043527 -0.268055
v 0.217725 -0.043527 -0.269586
v 0.205823 -0.043527 -0.271336
v 0.192833 -0.043527 -0.273236
v 0.179214 -0.043527 -0.275221
v 0.165426 -0.043527 -0.277223
v 0.151928 -0.043527 -0.279176
v 0.139180 -0.043527 -0.281012
v 0.127640 -0.043527 -0.282664
v 0.117768 -0.043527 -0.284066
v 0.110023 -0.043527 -0.285150
v 0.104865 -0.043527 -0.285849
v 0.102753 -0.043527 -0.286097
v 0.102001 -0.043527 -0.286958
v 0.100430 -0.043527 -0.289542
v 0.098040 -0.043527 -0.293851
v 0.094830 -0.043527 -0.299886
v 0.090800 -0.043527 -0.307649
v 0.085952 -0.043527 -0.317142
v 0.080284 -0.043527 -0.328367
v 0.073797 -0.043527 -0.341325
v 0.066490 -0.043527 -0.356018
v 0.058364 -0.043527 -0.372448
v 0.049419 -0.043527 -0.390617
v 0.039655 -0.043527 -0.410526
v 0.035605 -0.043527 -0.417750
v 0.030907 -0.043527 -0.424345
v 0.025626 -0.043527 -0.430277
v 0.019830 -0.043527 -0.435513
v 0.013583 -0.043527 -0.440019
v 0.006954 -0.043527 -0.443763
v 0.000009 -0.043527 -0.446712
v -0.007186 -0.043527 -0.448831
v -0.014565 -0.043527 -0.450088
v -0.022060 -0.043527 -0.450449
v -0.029605 -0.043527 -0.449882
vn -0.0000 1.0000 -0.0000
vn -0.0000 -1.0000 -0.0000
vn -0.0750 -0.0000 -0.9972
vn 0.0481 -0.0000 -0.9988
vn 0.1679 -0.0000 -0.9858
vn -0.1991 -0.0000 -0.9800
vn 0.2825 -0.0000 -0.9593
vn -0.2810 -0.0000 -0.9597
vn -0.3182 -0.0000 -0.9480
vn 0.3908 -0.0000 -0.9205
vn -0.3589 -0.0000 -0.9334
vn -0.4023 -0.0000 -0.9155
vn -0.4469 -0.0000 -0.8946
vn 0.4918 -0.0000 -0.8707
vn -0.4914 -0.0000 -0.8709
vn -0.5344 -0.0000 -0.8452
vn -0.5747 -0.0000 -0.8183
vn 0.5851 -0.0000 -0.8110
vn -0.6115 -0.0000 -0.7913
vn -0.6441 -0.0000 -0.7650
vn 0.6703 -0.0000 -0.7421
vn -0.6724 -0.0000 -0.7402
vn -0.6964 -0.0000 -0.7176
vn -0.7069 -0.0000 -0.7074
vn 0.7469 -0.0000 -0.6649
vn -0.7206 -0.0000 -0.6933
vn -0.7384 -0.0000 -0.6744
vn -0.7595 -0.0000 -0.6505
vn 0.8144 -0.0000 -0.5802
vn -0.7830 -0.0000 -0.6221
vn -0.8070 -0.0000 -0.5906
vn -0.8297 -0.0000 -0.5582
vn -0.8497 -0.0000 -0.5272
vn 0.8723 -0.0000 -0.4889
vn -0.8661 -0.0000 -0.4998
vn -0.8788 -0.0000 -0.4773
vn -0.8879 -0.0000 -0.4600
vn -0.8942 -0.0000 -0.4477
vn 0.8978 -0.0000 -0.4403
vn -0.8988 -0.0000 -0.4384
vn -0.8979 -0.0000 -0.4403
vn 0.8972 -0.0000 -0.4417
vn -0.8969 -0.0000 -0.4423
vn 0.8964 -0.0000 -0.4433
vn -0.8958 -0.0000 -0.4445
vn 0.8954 -0.0000 -0.4453
vn -0.8946 -0.0000 -0.4469
vn 0.8942 -0.0000 -0.4477
vn -0.8931 -0.0000 -0.4499
vn 0.8927 -0.0000 -0.4507
vn -0.8912 -0.0000 -0.4536
vn 0.8906 -0.0000 -0.4549
vn -0.8887 -0.0000 -0.4585
vn 0.8876 -0.0000 -0.4607
vn -0.8848 -0.0000 -0.4659
vn 0.8829 -0.0000 -0.4696
vn -0.8781 -0.0000 -0.4784
vn 0.8744 -0.0000 -0.4852
vn -0.8625 -0.0000 -0.5060
vn 0.8544 -0.0000 -0.5196
vn -0.7832 -0.0000 -0.6217
vn 0.7532 -0.0000 -0.6578
vn -0.0991 -0.0000 -0.9951
vn 0.1167 -0.0000 -0.9932
vn 0.1344 -0.0000 -0.9909
vn -0.1304 -0.0000 -0.9915
vn 0.1386 -0.0000 -0.9903
vn -0.1393 -0.0000 -0.9902
vn 0.1406 -0.0000 -0.9901
vn -0.1438 -0.0000 -0.9896
vn 0.1417 -0.0000 -0.9899
vn 0.1425 -0.0000 -0.9898
vn -0.1467 -0.0000 -0.9892
vn 0.1432 -0.0000 -0.9897
vn -0.1491 -0.0000 -0.9888
vn 0.1437 -0.0000 -0.9896
vn -0.1512 -0.0000 -0.9885
vn 0.1442 -0.0000 -0.9895
vn 0.1448 -0.0000 -0.9895
vn -0.1535 -0.0000 -0.9881
vn 0.1454 -0.0000 -0.9894
vn -0.1565 -0.0000 -0.9877
vn 0.1463 -0.0000 -0.9892
vn 0.1598 -0.0000 -0.9872
vn -0.1610 -0.0000 -0.9870
vn 0.1808 -0.0000 -0.9835
vn -0.1698 -0.0000 -0.9855
vn 0.2099 -0.0000 -0.9777
vn 0.2485 -0.0000 -0.9686
vn -0.1992 -0.0000 -0.9800
vn -0.3614 -0.0000 -0.9324
vn 0.2973 -0.0000 -0.9548
vn 0.3558 -0.0000 -0.9345
vn 0.4217 -0.0000 -0.9067
vn -0.5083 -0.0000 -0.8612
vn 0.4905 -0.0000 -0.8715
vn 0.5567 -0.0000 -0.8307
vn 0.6154 -0.0000 -0.7882
vn -0.6395 -0.0000 -0.7688
vn 0.6633 -0.0000 -0.7484
vn 0.6996 -0.0000 -0.7145
vn -0.7516 -0.0000 -0.6597
vn 0.7539 -0.0000 -0.6570
vn 0.8276 -0.0000 -0.5613
vn -0.8432 -0.0000 -0.5376
vn 0.8886 -0.0000 -0.4586
vn -0.9140 -0.0000 -0.4056
vn 0.9365 -0.0000 -0.3506
vn -0.9641 -0.0000 -0.2655
vn 0.9710 -0.0000 -0.2389
vn -0.9929 -0.0000 -0.1187
vn 0.9922 -0.0000 -0.1246
vn 1.0000 -0.0000 -0.0086
vn -0.9994 -0.0000 0.0335
vn 0.9941 -0.0000 0.1080
vn -0.9821 -0.0000 0.1885
vn 0.9745 -0.0000 0.2244
vn -0.9395 -0.0000 0.3426
vn 0.9407 -0.0000 0.3392
vn 0.8926 -0.0000 0.4508
vn -0.8715 -0.0000 0.4904
vn 0.8303 -0.0000 0.5572
vn -0.7973 -0.0000 0.6036
vn -0.7605 -0.0000 0.6493
vn 0.7569 -0.0000 0.6536
vn -0.7415 -0.0000 0.6709
vn 0.7344 -0.0000 0.6787
vn 0.7243 -0.0000 0.6895
vn -0.7298 -0.0000 0.6836
vn 0.7182 -0.0000 0.6958
vn -0.7219 -0.0000 0.6920
vn 0.7141 -0.0000 0.7000
vn -0.7160 -0.0000 0.6981
vn 0.7110 -0.0000 0.7032
vn -0.7116 -0.0000 0.7026
vn 0.7085 -0.0000 0.7058
vn -0.7080 -0.0000 0.7062
vn 0.7062 -0.0000 0.7080
vn -0.7050 -0.0000 0.7092
vn 0.7042 -0.0000 0.7100
vn -0.7025 -0.0000 0.7117
vn 0.7023 -0.0000 0.7119
vn -0.7003 -0.0000 0.7138
vn 0.7004 -0.0000 0.7138
vn -0.6984 -0.0000 0.7157
vn 0.6984 -0.0000 0.7157
vn -0.6988 -0.0000 0.7154
vn 0.6974 -0.0000 0.7167
vn -0.7005 -0.0000 0.7137
vn -0.7051 -0.0000 0.7091
vn -0.7083 -0.0000 0.7059
vn -0.7125 -0.0000 0.7016
vn -0.7182 -0.0000 0.6958
vn -0.7262 -0.0000 0.6875
vn -0.7383 -0.0000 0.6745
vn -0.7585 -0.0000 0.6517
vn -0.7983 -0.0000 0.6022
vn 0.9855 -0.0000 -0.1698
vn -0.9057 -0.0000 0.4239
vn -0.9907 -0.0000 -0.1359
vn -0.9877 -0.0000 -0.1562
vn -0.9869 -0.0000 -0.1611
vn -0.9866 -0.0000 -0.1633
vn -0.9863 -0.0000 -0.1647
vn -0.9862 -0.0000 -0.1658
vn -0.9860 -0.0000 -0.1667
vn 0.9859 -0.0000 -0.1676
vn -0.9859 -0.0000 -0.1676
vn 0.9863 -0.0000 -0.1649
vn -0.9857 -0.0000 -0.1687
vn 0.9871 -0.0000 -0.1600
vn -0.9854 -0.0000 -0.1702
vn 0.9884 -0.0000 -0.1519
vn -0.9850 -0.0000 -0.1728
vn 0.9903 -0.0000 -0.1391
vn -0.9837 -0.0000 -0.1796
vn 0.9928 -0.0000 -0.1194
vn -0.9842 -0.0000 -0.1769
vn -0.9919 -0.0000 -0.1271
vn -0.9962 -0.0000 -0.0867
vn 0.9960 -0.0000 -0.0899
vn -0.9986 -0.0000 -0.0523
vn 0.4663 -0.0000 0.8846
vn -0.4655 -0.0000 0.8851
vn -0.9998 -0.0000 -0.0217
vn 0.9989 -0.0000 -0.0471
vn -1.0000 -0.0000 0.0068
vn -0.9994 -0.0000 0.0346
vn 0.9999 -0.0000 0.0113
vn -0.9980 -0.0000 0.0629
vn 0.9965 -0.0000 0.0834
vn -0.9957 -0.0000 0.0931
vn -0.9919 -0.0000 0.1269
vn 0.9872 -0.0000 0.1593
vn -0.9860 -0.0000 0.1667
vn 0.9748 -0.0000 0.2230
vn -0.9764 -0.0000 0.2161
vn -0.9464 -0.0000 0.3231
vn 0.9514 -0.0000 0.3080
vn -0.4648 -0.0000 0.8854
vn -0.4651 -0.0000 0.8853
vn 0.9100 -0.0000 0.4146
vn -0.8908 -0.0000 0.4544
vn -0.4653 -0.0000 0.8851
vn 0.4637 -0.0000 0.8860
vn -0.4656 -0.0000 0.8850
vn 0.8580 -0.0000 0.5137
vn 0.4622 -0.0000 0.8868
vn -0.4658 -0.0000 0.8849
vn -0.8190 -0.0000 0.5737
vn 0.4605 -0.0000 0.8877
vn -0.4660 -0.0000 0.8848
vn 0.7967 -0.0000 0.6044
vn 0.4587 -0.0000 0.8886
vn -0.4661 -0.0000 0.8847
vn -0.7339 -0.0000 0.6793
vn 0.7271 -0.0000 0.6865
vn -0.4663 -0.0000 0.8846
vn 0.4568 -0.0000 0.8896
vn -0.4665 -0.0000 0.8845
vn 0.4545 -0.0000 0.8908
vn 0.6502 -0.0000 0.7598
vn -0.6375 -0.0000 0.7704
vn -0.4668 -0.0000 0.8844
vn -0.4670 -0.0000 0.8842
vn 0.4516 -0.0000 0.8922
vn -0.4675 -0.0000 0.8840
vn 0.5664 -0.0000 0.8242
vn -0.5315 -0.0000 0.8471
vn -0.4563 -0.0000 0.8898
vn 0.4480 -0.0000 0.8940
vn -0.4359 -0.0000 0.9000
vn 0.4760 -0.0000 0.8794
vn 0.4428 -0.0000 0.8966
vn -0.4126 -0.0000 0.9109
vn -0.4167 -0.0000 0.9090
vn 0.4347 -0.0000 0.9006
vn -0.3858 -0.0000 0.9226
vn 0.3794 -0.0000 0.9252
vn 0.4198 -0.0000 0.9076
vn -0.3552 -0.0000 0.9348
vn -0.2937 -0.0000 0.9559
vn 0.3816 -0.0000 0.9243
vn -0.3207 -0.0000 0.9472
vn 0.2769 -0.0000 0.9609
vn 0.2598 -0.0000 0.9657
vn -0.2819 -0.0000 0.9594
vn -0.2388 -0.0000 0.9711
vn -0.1630 -0.0000 0.9866
vn 0.1691 -0.0000 0.9856
vn -0.1914 -0.0000 0.9815
vn -0.0256 -0.0000 0.9997
vn 0.1164 -0.0000 0.9932
vn -0.1402 -0.0000 0.9901
vn 0.0570 -0.0000 0.9984
vn -0.0858 -0.0000 0.9963
vn -0.0290 -0.0000 0.9996
vt 1.000000 0.000000
vt 0.992780 0.000000
vt 0.996390 0.000000
vt 0.989170 0.000000
vt 0.000000 0.000000
vt 0.985560 0.000000
vt 0.003610 0.000000
vt 0.007220 0.000000
vt 0.981949 0.000000
vt 0.010830 0.000000
vt 0.014440 0.000000
vt 0.018051 0.000000
vt 0.978339 0.000000
vt 0.021661 0.000000
vt 0.025271 0.000000
vt 0.028881 0.000000
vt 0.974729 0.000000
vt 0.032491 0.000000
vt 0.036101 0.000000
vt 0.971119 0.000000
vt 0.039711 0.000000
vt 0.043321 0.000000
vt 0.046931 0.000000
vt 0.967509 0.000000
vt 0.050542 0.000000
vt 0.054152 0.000000
vt 0.057762 0.000000
vt 0.963899 0.000000
vt 0.061372 0.000000
vt 0.064982 0.000000
vt 0.068592 0.000000
vt 0.072202 0.000000
vt 0.960289 0.000000
vt 0.075812 0.000000
vt 0.079422 0.000000
vt 0.083032 0.000000
vt 0.086643 0.000000
vt 0.956679 0.000000
vt 0.090253 0.000000
vt 0.093863 0.000000
vt 0.953069 0.000000
vt 0.097473 0.000000
vt 0.949458 0.000000
vt 0.101083 0.000000
vt 0.945848 0.000000
vt 0.104693 0.000000
vt 0.942238 0.000000
vt 0.108303 0.000000
vt 0.938628 0.000000
vt 0.111913 0.000000
vt 0.935018 0.000000
vt 0.115523 0.000000
vt 0.931408 0.000000
vt 0.119134 0.000000
vt 0.927798 0.000000
vt 0.122744 0.000000
vt 0.924188 0.000000
vt 0.126354 0.000000
vt 0.920578 0.000000
vt 0.129964 0.000000
vt 0.916968 0.000000
vt 0.133574 0.000000
vt 0.913357 0.000000
vt 0.909747 0.000000
vt 0.137184 0.000000
vt 0.906137 0.000000
vt 0.140794 0.000000
vt 0.902527 0.000000
vt 0.144404 0.000000
vt 0.898917 0.000000
vt 0.895307 0.000000
vt 0.148014 0.000000
vt 0.891697 0.000000
vt 0.151625 0.000000
vt 0.888087 0.000000
vt 0.155235 0.000000
vt 0.884477 0.000000
vt 0.880866 0.000000
vt 0.158845 0.000000
vt 0.877256 0.000000
vt 0.162455 0.000000
vt 0.873646 0.000000
vt 0.870036 0.000000
vt 0.166065 0.000000
vt 0.866426 0.000000
vt 0.169675 0.000000
vt 0.862816 0.000000
vt 0.859206 0.000000
vt 0.173285 0.000000
vt 0.176895 0.000000
vt 0.855596 0.000000
vt 0.851986 0.000000
vt 0.848375 0.000000
vt 0.180505 0.000000
vt 0.844765 0.000000
vt 0.841155 0.000000
vt 0.837545 0.000000
vt 0.184116 0.000000
vt 0.833935 0.000000
vt 0.830325 0.000000
vt 0.187726 0.000000
vt 0.826715 0.000000
vt 0.823105 0.000000
vt 0.191336 0.000000
vt 0.819495 0.000000
vt 0.194946 0.000000
vt 0.815884 0.000000
vt 0.198556 0.000000
vt 0.812274 0.000000
vt 0.202166 0.000000
vt 0.808664 0.000000
vt 0.805054 0.000000
vt 0.205776 0.000000
vt 0.801444 0.000000
vt 0.209386 0.000000
vt 0.797834 0.000000
vt 0.212996 0.000000
vt 0.794224 0.000000
vt 0.790614 0.000000
vt 0.216606 0.000000
vt 0.787004 0.000000
vt 0.220217 0.000000
vt 0.223827 0.000000
vt 0.783394 0.000000
vt 0.227437 0.000000
vt 0.779783 0.000000
vt 0.776173 0.000000
vt 0.231047 0.000000
vt 0.772563 0.000000
vt 0.234657 0.000000
vt 0.768953 0.000000
vt 0.238267 0.000000
vt 0.765343 0.000000
vt 0.241877 0.000000
vt 0.761733 0.000000
vt 0.245487 0.000000
vt 0.758123 0.000000
vt 0.249097 0.000000
vt 0.754513 0.000000
vt 0.252708 0.000000
vt 0.750903 0.000000
vt 0.256318 0.000000
vt 0.747292 0.000000
vt 0.259928 0.000000
vt 0.743682 0.000000
vt 0.263538 0.000000
vt 0.740072 0.000000
vt 0.267148 0.000000
vt 0.270758 0.000000
vt 0.274368 0.000000
vt 0.277978 0.000000
vt 0.281588 0.000000
vt 0.285199 0.000000
vt 0.288809 0.000000
vt 0.292419 0.000000
vt 0.296029 0.000000
vt 0.299639 0.000000
vt 0.736462 0.000000
vt 0.303249 0.000000
vt 0.732852 0.000000
vt 0.306859 0.000000
vt 0.310469 0.000000
vt 0.729242 0.000000
vt 0.725632 0.000000
vt 0.314079 0.000000
vt 0.722022 0.000000
vt 0.317690 0.000000
vt 0.718412 0.000000
vt 0.321300 0.000000
vt 0.714801 0.000000
vt 0.711191 0.000000
vt 0.324910 0.000000
vt 0.707581 0.000000
vt 0.703971 0.000000
vt 0.328520 0.000000
vt 0.700361 0.000000
vt 0.696751 0.000000
vt 0.693141 0.000000
vt 0.332130 0.000000
vt 0.689531 0.000000
vt 0.335740 0.000000
vt 0.685921 0.000000
vt 0.339350 0.000000
vt 0.682310 0.000000
vt 0.342960 0.000000
vt 0.678700 0.000000
vt 0.346570 0.000000
vt 0.675090 0.000000
vt 0.350181 0.000000
vt 0.353791 0.000000
vt 0.357401 0.000000
vt 0.519856 0.000000
vt 0.671480 0.000000
vt 0.361011 0.000000
vt 0.516245 0.000000
vt 0.523466 0.000000
vt 0.512635 0.000000
vt 0.364621 0.000000
vt 0.509025 0.000000
vt 0.667870 0.000000
vt 0.505415 0.000000
vt 0.368231 0.000000
vt 0.371841 0.000000
vt 0.501805 0.000000
vt 0.664260 0.000000
vt 0.375451 0.000000
vt 0.498195 0.000000
vt 0.660650 0.000000
vt 0.379061 0.000000
vt 0.494585 0.000000
vt 0.382671 0.000000
vt 0.657040 0.000000
vt 0.386282 0.000000
vt 0.490975 0.000000
vt 0.653430 0.000000
vt 0.389892 0.000000
vt 0.393502 0.000000
vt 0.649819 0.000000
vt 0.487365 0.000000
vt 0.527076 0.000000
vt 0.483755 0.000000
vt 0.530686 0.000000
vt 0.480144 0.000000
vt 0.646209 0.000000
vt 0.476534 0.000000
vt 0.397112 0.000000
vt 0.534296 0.000000
vt 0.472924 0.000000
vt 0.537906 0.000000
vt 0.642599 0.000000
vt 0.469314 0.000000
vt 0.541516 0.000000
vt 0.400722 0.000000
vt 0.465704 0.000000
vt 0.545126 0.000000
vt 0.638989 0.000000
vt 0.462094 0.000000
vt 0.548736 0.000000
vt 0.404332 0.000000
vt 0.635379 0.000000
vt 0.552347 0.000000
vt 0.458484 0.000000
vt 0.555957 0.000000
vt 0.454874 0.000000
vt 0.631769 0.000000
vt 0.407942 0.000000
vt 0.559567 0.000000
vt 0.563177 0.000000
vt 0.451264 0.000000
vt 0.566787 0.000000
vt 0.628159 0.000000
vt 0.411552 0.000000
vt 0.570397 0.000000
vt 0.447653 0.000000
vt 0.574007 0.000000
vt 0.624549 0.000000
vt 0.444043 0.000000
vt 0.577617 0.000000
vt 0.415162 0.000000
vt 0.440433 0.000000
vt 0.581227 0.000000
vt 0.620939 0.000000
vt 0.436823 0.000000
vt 0.584838 0.000000
vt 0.418773 0.000000
vt 0.433213 0.000000
vt 0.588448 0.000000
vt 0.617329 0.000000
vt 0.429603 0.000000
vt 0.592058 0.000000
vt 0.595668 0.000000
vt 0.422383 0.000000
vt 0.613718 0.000000
vt 0.599278 0.000000
vt 0.425993 0.000000
vt 0.602888 0.000000
vt 0.610108 0.000000
vt 0.606498 0.000000
s 0
usemtl SVGMat.001
f 278/1/1 276/2/1 277/3/1
f 278/1/1 275/4/1 276/2/1
f 1/5/1 275/4/1 278/1/1
f 1/5/1 274/6/1 275/4/1
f 2/7/1 274/6/1 1/5/1
f 3/8/1 274/6/1 2/7/1
f 3/8/1 273/9/1 274/6/1
f 4/10/1 273/9/1 3/8/1
f 5/11/1 273/9/1 4/10/1
f 6/12/1 273/9/1 5/11/1
f 6/12/1 272/13/1 273/9/1
f 7/14/1 272/13/1 6/12/1
f 8/15/1 272/13/1 7/14/1
f 9/16/1 272/13/1 8/15/1
f 9/16/1 271/17/1 272/13/1
f 10/18/1 271/17/1 9/16/1
f 11/19/1 271/17/1 10/18/1
f 11/19/1 270/20/1 271/17/1
f 12/21/1 270/20/1 11/19/1
f 13/22/1 270/20/1 12/21/1
f 14/23/1 270/20/1 13/22/1
f 14/23/1 269/24/1 270/20/1
f 15/25/1 269/24/1 14/23/1
f 16/26/1 269/24/1 15/25/1
f 17/27/1 269/24/1 16/26/1
f 17/27/1 268/28/1 269/24/1
f 18/29/1 268/28/1 17/27/1
f 19/30/1 268/28/1 18/29/1
f 20/31/1 268/28/1 19/30/1
f 21/32/1 268/28/1 20/31/1
f 21/32/1 267/33/1 268/28/1
f 22/34/1 267/33/1 21/32/1
f 23/35/1 267/33/1 22/34/1
f 24/36/1 267/33/1 23/35/1
f 25/37/1 267/33/1 24/36/1
f 25/37/1 266/38/1 267/33/1
f 26/39/1 266/38/1 25/37/1
f 27/40/1 266/38/1 26/39/1
f 27/40/1 265/41/1 266/38/1
f 28/42/1 265/41/1 27/40/1
f 28/42/1 264/43/1 265/41/1
f 29/44/1 264/43/1 28/42/1
f 29/44/1 263/45/1 264/43/1
f 30/46/1 263/45/1 29/44/1
f 30/46/1 262/47/1 263/45/1
f 31/48/1 262/47/1 30/46/1
f 31/48/1 261/49/1 262/47/1
f 32/50/1 261/49/1 31/48/1
f 32/50/1 260/51/1 261/49/1
f 33/52/1 260/51/1 32/50/1
f 33/52/1 259/53/1 260/51/1
f 34/54/1 259/53/1 33/52/1
f 34/54/1 258/55/1 259/53/1
f 35/56/1 258/55/1 34/54/1
f 35/56/1 257/57/1 258/55/1
f 36/58/1 257/57/1 35/56/1
f 36/58/1 256/59/1 257/57/1
f 37/60/1 256/59/1 36/58/1
f 37/60/1 255/61/1 256/59/1
f 38/62/1 255/61/1 37/60/1
f 38/62/1 254/63/1 255/61/1
f 38/62/1 253/64/1 254/63/1
f 39/65/1 253/64/1 38/62/1
f 39/65/1 252/66/1 253/64/1
f 40/67/1 252/66/1 39/65/1
f 40/67/1 251/68/1 252/66/1
f 41/69/1 251/68/1 40/67/1
f 41/69/1 250/70/1 251/68/1
f 41/69/1 249/71/1 250/70/1
f 42/72/1 249/71/1 41/69/1
f 42/72/1 248/73/1 249/71/1
f 43/74/1 248/73/1 42/72/1
f 43/74/1 247/75/1 248/73/1
f 44/76/1 247/75/1 43/74/1
f 44/76/1 246/77/1 247/75/1
f 44/76/1 245/78/1 246/77/1
f 45/79/1 245/78/1 44/76/1
f 45/79/1 244/80/1 245/78/1
f 46/81/1 244/80/1 45/79/1
f 46/81/1 243/82/1 244/80/1
f 46/81/1 242/83/1 243/82/1
f 47/84/1 242/83/1 46/81/1
f 47/84/1 241/85/1 242/83/1
f 48/86/1 241/85/1 47/84/1
f 48/86/1 240/87/1 241/85/1
f 48/86/1 239/88/1 240/87/1
f 49/89/1 239/88/1 48/86/1
f 50/90/1 239/88/1 49/89/1
f 50/90/1 238/91/1 239/88/1
f 50/90/1 237/92/1 238/91/1
f 50/90/1 236/93/1 237/92/1
f 51/94/1 236/93/1 50/90/1
f 51/94/1 235/95/1 236/93/1
f 51/94/1 234/96/1 235/95/1
f 51/94/1 233/97/1 234/96/1
f 52/98/1 233/97/1 51/94/1
f 52/98/1 232/99/1 233/97/1
f 52/98/1 231/100/1 232/99/1
f 53/101/1 231/100/1 52/98/1
f 53/101/1 230/102/1 231/100/1
f 53/101/1 229/103/1 230/102/1
f 54/104/1 229/103/1 53/101/1
f 54/104/1 228/105/1 229/103/1
f 55/106/1 228/105/1 54/104/1
f 55/106/1 227/107/1 228/105/1
f 56/108/1 227/107/1 55/106/1
f 56/108/1 226/109/1 227/107/1
f 57/110/1 226/109/1 56/108/1
f 57/110/1 225/111/1 226/109/1
f 57/110/1 224/112/1 225/111/1
f 58/113/1 224/112/1 57/110/1
f 58/113/1 223/114/1 224/112/1
f 59/115/1 223/114/1 58/113/1
f 59/115/1 222/116/1 223/114/1
f 60/117/1 222/116/1 59/115/1
f 60/117/1 221/118/1 222/116/1
f 60/117/1 220/119/1 221/118/1
f 61/120/1 220/119/1 60/117/1
f 61/120/1 219/121/1 220/119/1
f 62/122/1 219/121/1 61/120/1
f 63/123/1 219/121/1 62/122/1
f 63/123/1 218/124/1 219/121/1
f 64/125/1 218/124/1 63/123/1
f 64/125/1 217/126/1 218/124/1
f 64/125/1 216/127/1 217/126/1
f 65/128/1 216/127/1 64/125/1
f 65/128/1 215/129/1 216/127/1
f 66/130/1 215/129/1 65/128/1
f 66/130/1 214/131/1 215/129/1
f 67/132/1 214/131/1 66/130/1
f 67/132/1 213/133/1 214/131/1
f 68/134/1 213/133/1 67/132/1
f 68/134/1 212/135/1 213/133/1
f 69/136/1 212/135/1 68/134/1
f 69/136/1 211/137/1 212/135/1
f 70/138/1 211/137/1 69/136/1
f 70/138/1 210/139/1 211/137/1
f 71/140/1 210/139/1 70/138/1
f 71/140/1 209/141/1 210/139/1
f 72/142/1 209/141/1 71/140/1
f 72/142/1 208/143/1 209/141/1
f 73/144/1 208/143/1 72/142/1
f 73/144/1 207/145/1 208/143/1
f 74/146/1 207/145/1 73/144/1
f 74/146/1 206/147/1 207/145/1
f 75/148/1 206/147/1 74/146/1
f 76/149/1 206/147/1 75/148/1
f 77/150/1 206/147/1 76/149/1
f 78/151/1 206/147/1 77/150/1
f 79/152/1 206/147/1 78/151/1
f 80/153/1 206/147/1 79/152/1
f 81/154/1 206/147/1 80/153/1
f 82/155/1 206/147/1 81/154/1
f 83/156/1 206/147/1 82/155/1
f 84/157/1 206/147/1 83/156/1
f 84/157/1 205/158/1 206/147/1
f 85/159/1 205/158/1 84/157/1
f 85/159/1 204/160/1 205/158/1
f 86/161/1 204/160/1 85/159/1
f 87/162/1 204/160/1 86/161/1
f 87/162/1 203/163/1 204/160/1
f 87/162/1 202/164/1 203/163/1
f 88/165/1 202/164/1 87/162/1
f 88/165/1 201/166/1 202/164/1
f 89/167/1 201/166/1 88/165/1
f 89/167/1 200/168/1 201/166/1
f 90/169/1 200/168/1 89/167/1
f 90/169/1 199/170/1 200/168/1
f 90/169/1 198/171/1 199/170/1
f 91/172/1 198/171/1 90/169/1
f 91/172/1 197/173/1 198/171/1
f 91/172/1 196/174/1 197/173/1
f 92/175/1 196/174/1 91/172/1
f 92/175/1 195/176/1 196/174/1
f 92/175/1 194/177/1 195/176/1
f 92/175/1 193/178/1 194/177/1
f 93/179/1 193/178/1 92/175/1
f 93/179/1 192/180/1 193/178/1
f 94/181/1 192/180/1 93/179/1
f 94/181/1 191/182/1 192/180/1
f 95/183/1 191/182/1 94/181/1
f 95/183/1 190/184/1 191/182/1
f 96/185/1 190/184/1 95/183/1
f 96/185/1 189/186/1 190/184/1
f 97/187/1 189/186/1 96/185/1
f 97/187/1 188/188/1 189/186/1
f 98/189/1 188/188/1 97/187/1
f 99/190/1 188/188/1 98/189/1
f 100/191/1 188/188/1 99/190/1
f 100/191/1 145/192/1 188/188/1
f 145/192/1 187/193/1 188/188/1
f 101/194/1 145/192/1 100/191/1
f 101/194/1 144/195/1 145/192/1
f 146/196/1 187/193/1 145/192/1
f 101/194/1 143/197/1 144/195/1
f 102/198/1 143/197/1 101/194/1
f 102/198/1 142/199/1 143/197/1
f 146/196/1 186/200/1 187/193/1
f 102/198/1 141/201/1 142/199/1
f 103/202/1 141/201/1 102/198/1
f 104/203/1 141/201/1 103/202/1
f 104/203/1 140/204/1 141/201/1
f 146/196/1 185/205/1 186/200/1
f 105/206/1 140/204/1 104/203/1
f 105/206/1 139/207/1 140/204/1
f 146/196/1 184/208/1 185/205/1
f 106/209/1 139/207/1 105/206/1
f 106/209/1 138/210/1 139/207/1
f 107/211/1 138/210/1 106/209/1
f 146/196/1 183/212/1 184/208/1
f 108/213/1 138/210/1 107/211/1
f 108/213/1 137/214/1 138/210/1
f 146/196/1 182/215/1 183/212/1
f 109/216/1 137/214/1 108/213/1
f 110/217/1 137/214/1 109/216/1
f 146/196/1 181/218/1 182/215/1
f 110/217/1 136/219/1 137/214/1
f 147/220/1 181/218/1 146/196/1
f 110/217/1 135/221/1 136/219/1
f 148/222/1 181/218/1 147/220/1
f 110/217/1 134/223/1 135/221/1
f 148/222/1 180/224/1 181/218/1
f 110/217/1 133/225/1 134/223/1
f 111/226/1 133/225/1 110/217/1
f 149/227/1 180/224/1 148/222/1
f 111/226/1 132/228/1 133/225/1
f 150/229/1 180/224/1 149/227/1
f 150/229/1 179/230/1 180/224/1
f 111/226/1 131/231/1 132/228/1
f 151/232/1 179/230/1 150/229/1
f 112/233/1 131/231/1 111/226/1
f 112/233/1 130/234/1 131/231/1
f 152/235/1 179/230/1 151/232/1
f 152/235/1 178/236/1 179/230/1
f 112/233/1 129/237/1 130/234/1
f 153/238/1 178/236/1 152/235/1
f 113/239/1 129/237/1 112/233/1
f 153/238/1 177/240/1 178/236/1
f 154/241/1 177/240/1 153/238/1
f 113/239/1 128/242/1 129/237/1
f 155/243/1 177/240/1 154/241/1
f 113/239/1 127/244/1 128/242/1
f 155/243/1 176/245/1 177/240/1
f 114/246/1 127/244/1 113/239/1
f 156/247/1 176/245/1 155/243/1
f 157/248/1 176/245/1 156/247/1
f 114/246/1 126/249/1 127/244/1
f 158/250/1 176/245/1 157/248/1
f 158/250/1 175/251/1 176/245/1
f 115/252/1 126/249/1 114/246/1
f 159/253/1 175/251/1 158/250/1
f 115/252/1 125/254/1 126/249/1
f 160/255/1 175/251/1 159/253/1
f 160/255/1 174/256/1 175/251/1
f 115/252/1 124/257/1 125/254/1
f 161/258/1 174/256/1 160/255/1
f 116/259/1 124/257/1 115/252/1
f 116/259/1 123/260/1 124/257/1
f 162/261/1 174/256/1 161/258/1
f 162/261/1 173/262/1 174/256/1
f 116/259/1 122/263/1 123/260/1
f 163/264/1 173/262/1 162/261/1
f 117/265/1 122/263/1 116/259/1
f 117/265/1 121/266/1 122/263/1
f 164/267/1 173/262/1 163/264/1
f 164/267/1 172/268/1 173/262/1
f 117/265/1 120/269/1 121/266/1
f 165/270/1 172/268/1 164/267/1
f 166/271/1 172/268/1 165/270/1
f 118/272/1 120/269/1 117/265/1
f 166/271/1 171/273/1 172/268/1
f 167/274/1 171/273/1 166/271/1
f 118/272/1 119/275/1 120/269/1
f 168/276/1 171/273/1 167/274/1
f 168/276/1 170/277/1 171/273/1
f 169/278/1 170/277/1 168/276/1
f 556/1/2 555/3/2 554/2/2
f 556/1/2 554/2/2 553/4/2
f 279/5/2 556/1/2 553/4/2
f 279/5/2 553/4/2 552/6/2
f 280/7/2 279/5/2 552/6/2
f 281/8/2 280/7/2 552/6/2
f 281/8/2 552/6/2 551/9/2
f 282/10/2 281/8/2 551/9/2
f 283/11/2 282/10/2 551/9/2
f 284/12/2 283/11/2 551/9/2
f 284/12/2 551/9/2 550/13/2
f 285/14/2 284/12/2 550/13/2
f 286/15/2 285/14/2 550/13/2
f 287/16/2 286/15/2 550/13/2
f 287/16/2 550/13/2 549/17/2
f 288/18/2 287/16/2 549/17/2
f 289/19/2 288/18/2 549/17/2
f 289/19/2 549/17/2 548/20/2
f 290/21/2 289/19/2 548/20/2
f 291/22/2 290/21/2 548/20/2
f 292/23/2 291/22/2 548/20/2
f 292/23/2 548/20/2 547/24/2
f 293/25/2 292/23/2 547/24/2
f 294/26/2 293/25/2 547/24/2
f 295/27/2 294/26/2 547/24/2
f 295/27/2 547/24/2 546/28/2
f 296/29/2 295/27/2 546/28/2
f 297/30/2 296/29/2 546/28/2
f 298/31/2 297/30/2 546/28/2
f 299/32/2 298/31/2 546/28/2
f 299/32/2 546/28/2 545/33/2
f 300/34/2 299/32/2 545/33/2
f 301/35/2 300/34/2 545/33/2
f 302/36/2 301/35/2 545/33/2
f 303/37/2 302/36/2 545/33/2
f 303/37/2 545/33/2 544/38/2
f 304/39/2 303/37/2 544/38/2
f 305/40/2 304/39/2 544/38/2
f 305/40/2 544/38/2 543/41/2
f 306/42/2 305/40/2 543/41/2
f 306/42/2 543/41/2 542/43/2
f 307/44/2 306/42/2 542/43/2
f 307/44/2 542/43/2 541/45/2
f 308/46/2 307/44/2 541/45/2
f 308/46/2 541/45/2 540/47/2
f 309/48/2 308/46/2 540/47/2
f 309/48/2 540/47/2 539/49/2
f 310/50/2 309/48/2 539/49/2
f 310/50/2 539/49/2 538/51/2
f 311/52/2 310/50/2 538/51/2
f 311/52/2 538/51/2 537/53/2
f 312/54/2 311/52/2 537/53/2
f 312/54/2 537/53/2 536/55/2
f 313/56/2 312/54/2 536/55/2
f 313/56/2 536/55/2 535/57/2
f 314/58/2 313/56/2 535/57/2
f 314/58/2 535/57/2 534/59/2
f 315/60/2 314/58/2 534/59/2
f 315/60/2 534/59/2 533/61/2
f 316/62/2 315/60/2 533/61/2
f 316/62/2 533/61/2 532/63/2
f 316/62/2 532/63/2 531/64/2
f 317/65/2 316/62/2 531/64/2
f 317/65/2 531/64/2 530/66/2
f 318/67/2 317/65/2 530/66/2
f 318/67/2 530/66/2 529/68/2
f 319/69/2 318/67/2 529/68/2
f 319/69/2 529/68/2 528/70/2
f 319/69/2 528/70/2 527/71/2
f 320/72/2 319/69/2 527/71/2
f 320/72/2 527/71/2 526/73/2
f 321/74/2 320/72/2 526/73/2
f 321/74/2 526/73/2 525/75/2
f 322/76/2 321/74/2 525/75/2
f 322/76/2 525/75/2 524/77/2
f 322/76/2 524/77/2 523/78/2
f 323/79/2 322/76/2 523/78/2
f 323/79/2 523/78/2 522/80/2
f 324/81/2 323/79/2 522/80/2
f 324/81/2 522/80/2 521/82/2
f 324/81/2 521/82/2 520/83/2
f 325/84/2 324/81/2 520/83/2
f 325/84/2 520/83/2 519/85/2
f 326/86/2 325/84/2 519/85/2
f 326/86/2 519/85/2 518/87/2
f 326/86/2 518/87/2 517/88/2
f 327/89/2 326/86/2 517/88/2
f 328/90/2 327/89/2 517/88/2
f 328/90/2 517/88/2 516/91/2
f 328/90/2 516/91/2 515/92/2
f 328/90/2 515/92/2 514/93/2
f 329/94/2 328/90/2 514/93/2
f 329/94/2 514/93/2 513/95/2
f 329/94/2 513/95/2 512/96/2
f 329/94/2 512/96/2 511/97/2
f 330/98/2 329/94/2 511/97/2
f 330/98/2 511/97/2 510/99/2
f 330/98/2 510/99/2 509/100/2
f 331/101/2 330/98/2 509/100/2
f 331/101/2 509/100/2 508/102/2
f 331/101/2 508/102/2 507/103/2
f 332/104/2 331/101/2 507/103/2
f 332/104/2 507/103/2 506/105/2
f 333/106/2 332/104/2 506/105/2
f 333/106/2 506/105/2 505/107/2
f 334/108/2 333/106/2 505/107/2
f 334/108/2 505/107/2 504/109/2
f 335/110/2 334/108/2 504/109/2
f 335/110/2 504/109/2 503/111/2
f 335/110/2 503/111/2 502/112/2
f 336/113/2 335/110/2 502/112/2
f 336/113/2 502/112/2 501/114/2
f 337/115/2 336/113/2 501/114/2
f 337/115/2 501/114/2 500/116/2
f 338/117/2 337/115/2 500/116/2
f 338/117/2 500/116/2 499/118/2
f 338/117/2 499/118/2 498/119/2
f 339/120/2 338/117/2 498/119/2
f 339/120/2 498/119/2 497/121/2
f 340/122/2 339/120/2 497/121/2
f 341/123/2 340/122/2 497/121/2
f 341/123/2 497/121/2 496/124/2
f 342/125/2 341/123/2 496/124/2
f 342/125/2 496/124/2 495/126/2
f 342/125/2 495/126/2 494/127/2
f 343/128/2 342/125/2 494/127/2
f 343/128/2 494/127/2 493/129/2
f 344/130/2 343/128/2 493/129/2
f 344/130/2 493/129/2 492/131/2
f 345/132/2 344/130/2 492/131/2
f 345/132/2 492/131/2 491/133/2
f 346/134/2 345/132/2 491/133/2
f 346/134/2 491/133/2 490/135/2
f 347/136/2 346/134/2 490/135/2
f 347/136/2 490/135/2 489/137/2
f 348/138/2 347/136/2 489/137/2
f 348/138/2 489/137/2 488/139/2
f 349/140/2 348/138/2 488/139/2
f 349/140/2 488/139/2 487/141/2
f 350/142/2 349/140/2 487/141/2
f 350/142/2 487/141/2 486/143/2
f 351/144/2 350/142/2 486/143/2
f 351/144/2 486/143/2 485/145/2
f 352/146/2 351/144/2 485/145/2
f 352/146/2 485/145/2 484/147/2
f 353/148/2 352/146/2 484/147/2
f 354/149/2 353/148/2 484/147/2
f 355/150/2 354/149/2 484/147/2
f 356/151/2 355/150/2 484/147/2
f 357/152/2 356/151/2 484/147/2
f 358/153/2 357/152/2 484/147/2
f 359/154/2 358/153/2 484/147/2
f 360/155/2 359/154/2 484/147/2
f 361/156/2 360/155/2 484/147/2
f 362/157/2 361/156/2 484/147/2
f 362/157/2 484/147/2 483/158/2
f 363/159/2 362/157/2 483/158/2
f 363/159/2 483/158/2 482/160/2
f 364/161/2 363/159/2 482/160/2
f 365/162/2 364/161/2 482/160/2
f 365/162/2 482/160/2 481/163/2
f 365/162/2 481/163/2 480/164/2
f 366/165/2 365/162/2 480/164/2
f 366/165/2 480/164/2 479/166/2
f 367/167/2 366/165/2 479/166/2
f 367/167/2 479/166/2 478/168/2
f 368/169/2 367/167/2 478/168/2
f 368/169/2 478/168/2 477/170/2
f 368/169/2 477/170/2 476/171/2
f 369/172/2 368/169/2 476/171/2
f 369/172/2 476/171/2 475/173/2
f 369/172/2 475/173/2 474/174/2
f 370/175/2 369/172/2 474/174/2
f 370/175/2 474/174/2 473/176/2
f 370/175/2 473/176/2 472/177/2
f 370/175/2 472/177/2 471/178/2
f 371/179/2 370/175/2 471/178/2
f 371/179/2 471/178/2 470/180/2
f 372/181/2 371/179/2 470/180/2
f 372/181/2 470/180/2 469/182/2
f 373/183/2 372/181/2 469/182/2
f 373/183/2 469/182/2 468/184/2
f 374/185/2 373/183/2 468/184/2
f 374/185/2 468/184/2 467/186/2
f 375/187/2 374/185/2 467/186/2
f 375/187/2 467/186/2 466/188/2
f 376/189/2 375/187/2 466/188/2
f 377/190/2 376/189/2 466/188/2
f 378/191/2 377/190/2 466/188/2
f 378/191/2 466/188/2 423/192/2
f 423/192/2 466/188/2 465/193/2
f 379/194/2 378/191/2 423/192/2
f 379/194/2 423/192/2 422/195/2
f 424/196/2 423/192/2 465/193/2
f 379/194/2 422/195/2 421/197/2
f 380/198/2 379/194/2 421/197/2
f 380/198/2 421/197/2 420/199/2
f 424/196/2 465/193/2 464/200/2
f 380/198/2 420/199/2 419/201/2
f 381/202/2 380/198/2 419/201/2
f 382/203/2 381/202/2 419/201/2
f 382/203/2 419/201/2 418/204/2
f 424/196/2 464/200/2 463/205/2
f 383/206/2 382/203/2 418/204/2
f 383/206/2 418/204/2 417/207/2
f 424/196/2 463/205/2 462/208/2
f 384/209/2 383/206/2 417/207/2
f 384/209/2 417/207/2 416/210/2
f 385/211/2 384/209/2 416/210/2
f 424/196/2 462/208/2 461/212/2
f 386/213/2 385/211/2 416/210/2
f 386/213/2 416/210/2 415/214/2
f 424/196/2 461/212/2 460/215/2
f 387/216/2 386/213/2 415/214/2
f 388/217/2 387/216/2 415/214/2
f 424/196/2 460/215/2 459/218/2
f 388/217/2 415/214/2 414/219/2
f 425/220/2 424/196/2 459/218/2
f 388/217/2 414/219/2 413/221/2
f 426/222/2 425/220/2 459/218/2
f 388/217/2 413/221/2 412/223/2
f 426/222/2 459/218/2 458/224/2
f 388/217/2 412/223/2 411/225/2
f 389/226/2 388/217/2 411/225/2
f 427/227/2 426/222/2 458/224/2
f 389/226/2 411/225/2 410/228/2
f 428/229/2 427/227/2 458/224/2
f 428/229/2 458/224/2 457/230/2
f 389/226/2 410/228/2 409/231/2
f 429/232/2 428/229/2 457/230/2
f 390/233/2 389/226/2 409/231/2
f 390/233/2 409/231/2 408/234/2
f 430/235/2 429/232/2 457/230/2
f 430/235/2 457/230/2 456/236/2
f 390/233/2 408/234/2 407/237/2
f 431/238/2 430/235/2 456/236/2
f 391/239/2 390/233/2 407/237/2
f 431/238/2 456/236/2 455/240/2
f 432/241/2 431/238/2 455/240/2
f 391/239/2 407/237/2 406/242/2
f 433/243/2 432/241/2 455/240/2
f 391/239/2 406/242/2 405/244/2
f 433/243/2 455/240/2 454/245/2
f 392/246/2 391/239/2 405/244/2
f 434/247/2 433/243/2 454/245/2
f 435/248/2 434/247/2 454/245/2
f 392/246/2 405/244/2 404/249/2
f 436/250/2 435/248/2 454/245/2
f 436/250/2 454/245/2 453/251/2
f 393/252/2 392/246/2 404/249/2
f 437/253/2 436/250/2 453/251/2
f 393/252/2 404/249/2 403/254/2
f 438/255/2 437/253/2 453/251/2
f 438/255/2 453/251/2 452/256/2
f 393/252/2 403/254/2 402/257/2
f 439/258/2 438/255/2 452/256/2
f 394/259/2 393/252/2 402/257/2
f 394/259/2 402/257/2 401/260/2
f 440/261/2 439/258/2 452/256/2
f 440/261/2 452/256/2 451/262/2
f 394/259/2 401/260/2 400/263/2
f 441/264/2 440/261/2 451/262/2
f 395/265/2 394/259/2 400/263/2
f 395/265/2 400/263/2 399/266/2
f 442/267/2 441/264/2 451/262/2
f 442/267/2 451/262/2 450/268/2
f 395/265/2 399/266/2 398/269/2
f 443/270/2 442/267/2 450/268/2
f 444/271/2 443/270/2 450/268/2
f 396/272/2 395/265/2 398/269/2
f 444/271/2 450/268/2 449/273/2
f 445/274/2 444/271/2 449/273/2
f 396/272/2 398/269/2 397/275/2
f 446/276/2 445/274/2 449/273/2
f 446/276/2 449/273/2 448/277/2
f 447/278/2 446/276/2 448/277/2
f 278/1/3 277/3/3 555/3/3 556/1/3
f 277/3/4 276/2/4 554/2/4 555/3/4
f 276/2/5 275/4/5 553/4/5 554/2/5
f 1/5/6 278/1/6 556/1/6 279/5/6
f 275/4/7 274/6/7 552/6/7 553/4/7
f 2/7/8 1/5/8 279/5/8 280/7/8
f 3/8/9 2/7/9 280/7/9 281/8/9
f 274/6/10 273/9/10 551/9/10 552/6/10
f 4/10/11 3/8/11 281/8/11 282/10/11
f 5/11/12 4/10/12 282/10/12 283/11/12
f 6/12/13 5/11/13 283/11/13 284/12/13
f 273/9/14 272/13/14 550/13/14 551/9/14
f 7/14/15 6/12/15 284/12/15 285/14/15
f 8/15/16 7/14/16 285/14/16 286/15/16
f 9/16/17 8/15/17 286/15/17 287/16/17
f 272/13/18 271/17/18 549/17/18 550/13/18
f 10/18/19 9/16/19 287/16/19 288/18/19
f 11/19/20 10/18/20 288/18/20 289/19/20
f 271/17/21 270/20/21 548/20/21 549/17/21
f 12/21/22 11/19/22 289/19/22 290/21/22
f 13/22/23 12/21/23 290/21/23 291/22/23
f 14/23/24 13/22/24 291/22/24 292/23/24
f 270/20/25 269/24/25 547/24/25 548/20/25
f 15/25/26 14/23/26 292/23/26 293/25/26
f 16/26/27 15/25/27 293/25/27 294/26/27
f 17/27/28 16/26/28 294/26/28 295/27/28
f 269/24/29 268/28/29 546/28/29 547/24/29
f 18/29/30 17/27/30 295/27/30 296/29/30
f 19/30/31 18/29/31 296/29/31 297/30/31
f 20/31/32 19/30/32 297/30/32 298/31/32
f 21/32/33 20/31/33 298/31/33 299/32/33
f 268/28/34 267/33/34 545/33/34 546/28/34
f 22/34/35 21/32/35 299/32/35 300/34/35
f 23/35/36 22/34/36 300/34/36 301/35/36
f 24/36/37 23/35/37 301/35/37 302/36/37
f 25/37/38 24/36/38 302/36/38 303/37/38
f 267/33/39 266/38/39 544/38/39 545/33/39
f 26/39/40 25/37/40 303/37/40 304/39/40
f 27/40/41 26/39/41 304/39/41 305/40/41
f 266/38/42 265/41/42 543/41/42 544/38/42
f 28/42/43 27/40/43 305/40/43 306/42/43
f 265/41/44 264/43/44 542/43/44 543/41/44
f 29/44/45 28/42/45 306/42/45 307/44/45
f 264/43/46 263/45/46 541/45/46 542/43/46
f 30/46/47 29/44/47 307/44/47 308/46/47
f 263/45/48 262/47/48 540/47/48 541/45/48
f 31/48/49 30/46/49 308/46/49 309/48/49
f 262/47/50 261/49/50 539/49/50 540/47/50
f 32/50/51 31/48/51 309/48/51 310/50/51
f 261/49/52 260/51/52 538/51/52 539/49/52
f 33/52/53 32/50/53 310/50/53 311/52/53
f 260/51/54 259/53/54 537/53/54 538/51/54
f 34/54/55 33/52/55 311/52/55 312/54/55
f 259/53/56 258/55/56 536/55/56 537/53/56
f 35/56/57 34/54/57 312/54/57 313/56/57
f 258/55/58 257/57/58 535/57/58 536/55/58
f 36/58/59 35/56/59 313/56/59 314/58/59
f 257/57/60 256/59/60 534/59/60 535/57/60
f 37/60/61 36/58/61 314/58/61 315/60/61
f 256/59/62 255/61/62 533/61/62 534/59/62
f 38/62/63 37/60/63 315/60/63 316/62/63
f 255/61/64 254/63/64 532/63/64 533/61/64
f 254/63/65 253/64/65 531/64/65 532/63/65
f 39/65/66 38/62/66 316/62/66 317/65/66
f 253/64/67 252/66/67 530/66/67 531/64/67
f 40/67/68 39/65/68 317/65/68 318/67/68
f 252/66/69 251/68/69 529/68/69 530/66/69
f 41/69/70 40/67/70 318/67/70 319/69/70
f 251/68/71 250/70/71 528/70/71 529/68/71
f 250/70/72 249/71/72 527/71/72 528/70/72
f 42/72/73 41/69/73 319/69/73 320/72/73
f 249/71/74 248/73/74 526/73/74 527/71/74
f 43/74/75 42/72/75 320/72/75 321/74/75
f 248/73/76 247/75/76 525/75/76 526/73/76
f 44/76/77 43/74/77 321/74/77 322/76/77
f 247/75/78 246/77/78 524/77/78 525/75/78
f 246/77/79 245/78/79 523/78/79 524/77/79
f 45/79/80 44/76/80 322/76/80 323/79/80
f 245/78/81 244/80/81 522/80/81 523/78/81
f 46/81/82 45/79/82 323/79/82 324/81/82
f 244/80/83 243/82/83 521/82/83 522/80/83
f 243/82/84 242/83/84 520/83/84 521/82/84
f 47/84/85 46/81/85 324/81/85 325/84/85
f 242/83/86 241/85/86 519/85/86 520/83/86
f 48/86/87 47/84/87 325/84/87 326/86/87
f 241/85/88 240/87/88 518/87/88 519/85/88
f 240/87/89 239/88/89 517/88/89 518/87/89
f 49/89/90 48/86/90 326/86/90 327/89/90
f 50/90/91 49/89/91 327/89/91 328/90/91
f 239/88/92 238/91/92 516/91/92 517/88/92
f 238/91/93 237/92/93 515/92/93 516/91/93
f 237/92/94 236/93/94 514/93/94 515/92/94
f 51/94/95 50/90/95 328/90/95 329/94/95
f 236/93/96 235/95/96 513/95/96 514/93/96
f 235/95/97 234/96/97 512/96/97 513/95/97
f 234/96/98 233/97/98 511/97/98 512/96/98
f 52/98/99 51/94/99 329/94/99 330/98/99
f 233/97/100 232/99/100 510/99/100 511/97/100
f 232/99/101 231/100/101 509/100/101 510/99/101
f 53/101/102 52/98/102 330/98/102 331/101/102
f 231/100/103 230/102/103 508/102/103 509/100/103
f 230/102/104 229/103/104 507/103/104 508/102/104
f 54/104/105 53/101/105 331/101/105 332/104/105
f 229/103/106 228/105/106 506/105/106 507/103/106
f 55/106/107 54/104/107 332/104/107 333/106/107
f 228/105/108 227/107/108 505/107/108 506/105/108
f 56/108/109 55/106/109 333/106/109 334/108/109
f 227/107/110 226/109/110 504/109/110 505/107/110
f 57/110/111 56/108/111 334/108/111 335/110/111
f 226/109/112 225/111/112 503/111/112 504/109/112
f 225/111/113 224/112/113 502/112/113 503/111/113
f 58/113/114 57/110/114 335/110/114 336/113/114
f 224/112/115 223/114/115 501/114/115 502/112/115
f 59/115/116 58/113/116 336/113/116 337/115/116
f 223/114/117 222/116/117 500/116/117 501/114/117
f 60/117/118 59/115/118 337/115/118 338/117/118
f 222/116/119 221/118/119 499/118/119 500/116/119
f 221/118/120 220/119/120 498/119/120 499/118/120
f 61/120/121 60/117/121 338/117/121 339/120/121
f 220/119/122 219/121/122 497/121/122 498/119/122
f 62/122/123 61/120/123 339/120/123 340/122/123
f 63/123/124 62/122/124 340/122/124 341/123/124
f 219/121/125 218/124/125 496/124/125 497/121/125
f 64/125/126 63/123/126 341/123/126 342/125/126
f 218/124/127 217/126/127 495/126/127 496/124/127
f 217/126/128 216/127/128 494/127/128 495/126/128
f 65/128/129 64/125/129 342/125/129 343/128/129
f 216/127/130 215/129/130 493/129/130 494/127/130
f 66/130/131 65/128/131 343/128/131 344/130/131
f 215/129/132 214/131/132 492/131/132 493/129/132
f 67/132/133 66/130/133 344/130/133 345/132/133
f 214/131/134 213/133/134 491/133/134 492/131/134
f 68/134/135 67/132/135 345/132/135 346/134/135
f 213/133/136 212/135/136 490/135/136 491/133/136
f 69/136/137 68/134/137 346/134/137 347/136/137
f 212/135/138 211/137/138 489/137/138 490/135/138
f 70/138/139 69/136/139 347/136/139 348/138/139
f 211/137/140 210/139/140 488/139/140 489/137/140
f 71/140/141 70/138/141 348/138/141 349/140/141
f 210/139/142 209/141/142 487/141/142 488/139/142
f 72/142/143 71/140/143 349/140/143 350/142/143
f 209/141/144 208/143/144 486/143/144 487/141/144
f 73/144/145 72/142/145 350/142/145 351/144/145
f 208/143/146 207/145/146 485/145/146 486/143/146
f 74/146/147 73/144/147 351/144/147 352/146/147
f 207/145/148 206/147/148 484/147/148 485/145/148
f 75/148/149 74/146/149 352/146/149 353/148/149
f 76/149/141 75/148/141 353/148/141 354/149/141
f 77/150/150 76/149/150 354/149/150 355/150/150
f 78/151/151 77/150/151 355/150/151 356/151/151
f 79/152/152 78/151/152 356/151/152 357/152/152
f 80/153/153 79/152/153 357/152/153 358/153/153
f 81/154/154 80/153/154 358/153/154 359/154/154
f 82/155/155 81/154/155 359/154/155 360/155/155
f 83/156/156 82/155/156 360/155/156 361/156/156
f 84/157/157 83/156/157 361/156/157 362/157/157
f 206/147/158 205/158/158 483/158/158 484/147/158
f 85/159/159 84/157/159 362/157/159 363/159/159
f 205/158/158 204/160/158 482/160/158 483/158/158
f 86/161/160 85/159/160 363/159/160 364/161/160
f 87/162/161 86/161/161 364/161/161 365/162/161
f 204/160/158 203/163/158 481/163/158 482/160/158
f 203/163/158 202/164/158 480/164/158 481/163/158
f 88/165/162 87/162/162 365/162/162 366/165/162
f 202/164/158 201/166/158 479/166/158 480/164/158
f 89/167/163 88/165/163 366/165/163 367/167/163
f 201/166/158 200/168/158 478/168/158 479/166/158
f 90/169/164 89/167/164 367/167/164 368/169/164
f 200/168/158 199/170/158 477/170/158 478/168/158
f 199/170/158 198/171/158 476/171/158 477/170/158
f 91/172/165 90/169/165 368/169/165 369/172/165
f 198/171/158 197/173/158 475/173/158 476/171/158
f 197/173/158 196/174/158 474/174/158 475/173/158
f 92/175/166 91/172/166 369/172/166 370/175/166
f 196/174/158 195/176/158 473/176/158 474/174/158
f 195/176/158 194/177/158 472/177/158 473/176/158
f 194/177/167 193/178/167 471/178/167 472/177/167
f 93/179/168 92/175/168 370/175/168 371/179/168
f 193/178/169 192/180/169 470/180/169 471/178/169
f 94/181/170 93/179/170 371/179/170 372/181/170
f 192/180/171 191/182/171 469/182/171 470/180/171
f 95/183/172 94/181/172 372/181/172 373/183/172
f 191/182/173 190/184/173 468/184/173 469/182/173
f 96/185/174 95/183/174 373/183/174 374/185/174
f 190/184/175 189/186/175 467/186/175 468/184/175
f 97/187/176 96/185/176 374/185/176 375/187/176
f 189/186/177 188/188/177 466/188/177 467/186/177
f 98/189/178 97/187/178 375/187/178 376/189/178
f 99/190/179 98/189/179 376/189/179 377/190/179
f 100/191/180 99/190/180 377/190/180 378/191/180
f 188/188/181 187/193/181 465/193/181 466/188/181
f 101/194/182 100/191/182 378/191/182 379/194/182
f 145/192/183 144/195/183 422/195/183 423/192/183
f 146/196/184 145/192/184 423/192/184 424/196/184
f 144/195/183 143/197/183 421/197/183 422/195/183
f 102/198/185 101/194/185 379/194/185 380/198/185
f 143/197/183 142/199/183 420/199/183 421/197/183
f 187/193/186 186/200/186 464/200/186 465/193/186
f 142/199/183 141/201/183 419/201/183 420/199/183
f 103/202/187 102/198/187 380/198/187 381/202/187
f 104/203/188 103/202/188 381/202/188 382/203/188
f 141/201/183 140/204/183 418/204/183 419/201/183
f 186/200/189 185/205/189 463/205/189 464/200/189
f 105/206/190 104/203/190 382/203/190 383/206/190
f 140/204/183 139/207/183 417/207/183 418/204/183
f 185/205/191 184/208/191 462/208/191 463/205/191
f 106/209/192 105/206/192 383/206/192 384/209/192
f 139/207/183 138/210/183 416/210/183 417/207/183
f 107/211/193 106/209/193 384/209/193 385/211/193
f 184/208/194 183/212/194 461/212/194 462/208/194
f 108/213/195 107/211/195 385/211/195 386/213/195
f 138/210/183 137/214/183 415/214/183 416/210/183
f 183/212/196 182/215/196 460/215/196 461/212/196
f 109/216/197 108/213/197 386/213/197 387/216/197
f 110/217/198 109/216/198 387/216/198 388/217/198
f 182/215/199 181/218/199 459/218/199 460/215/199
f 137/214/183 136/219/183 414/219/183 415/214/183
f 147/220/200 146/196/200 424/196/200 425/220/200
f 136/219/183 135/221/183 413/221/183 414/219/183
f 148/222/201 147/220/201 425/220/201 426/222/201
f 135/221/183 134/223/183 412/223/183 413/221/183
f 181/218/202 180/224/202 458/224/202 459/218/202
f 134/223/183 133/225/183 411/225/183 412/223/183
f 111/226/203 110/217/203 388/217/203 389/226/203
f 149/227/204 148/222/204 426/222/204 427/227/204
f 133/225/205 132/228/205 410/228/205 411/225/205
f 150/229/206 149/227/206 427/227/206 428/229/206
f 180/224/207 179/230/207 457/230/207 458/224/207
f 132/228/208 131/231/208 409/231/208 410/228/208
f 151/232/209 150/229/209 428/229/209 429/232/209
f 112/233/210 111/226/210 389/226/210 390/233/210
f 131/231/211 130/234/211 408/234/211 409/231/211
f 152/235/212 151/232/212 429/232/212 430/235/212
f 179/230/213 178/236/213 456/236/213 457/230/213
f 130/234/214 129/237/214 407/237/214 408/234/214
f 153/238/215 152/235/215 430/235/215 431/238/215
f 113/239/216 112/233/216 390/233/216 391/239/216
f 178/236/217 177/240/217 455/240/217 456/236/217
f 154/241/218 153/238/218 431/238/218 432/241/218
f 129/237/219 128/242/219 406/242/219 407/237/219
f 155/243/220 154/241/220 432/241/220 433/243/220
f 128/242/221 127/244/221 405/244/221 406/242/221
f 177/240/222 176/245/222 454/245/222 455/240/222
f 114/246/223 113/239/223 391/239/223 392/246/223
f 156/247/224 155/243/224 433/243/224 434/247/224
f 157/248/225 156/247/225 434/247/225 435/248/225
f 127/244/226 126/249/226 404/249/226 405/244/226
f 158/250/227 157/248/227 435/248/227 436/250/227
f 176/245/228 175/251/228 453/251/228 454/245/228
f 115/252/229 114/246/229 392/246/229 393/252/229
f 159/253/230 158/250/230 436/250/230 437/253/230
f 126/249/231 125/254/231 403/254/231 404/249/231
f 160/255/232 159/253/232 437/253/232 438/255/232
f 175/251/233 174/256/233 452/256/233 453/251/233
f 125/254/234 124/257/234 402/257/234 403/254/234
f 161/258/235 160/255/235 438/255/235 439/258/235
f 116/259/236 115/252/236 393/252/236 394/259/236
f 124/257/237 123/260/237 401/260/237 402/257/237
f 162/261/238 161/258/238 439/258/238 440/261/238
f 174/256/239 173/262/239 451/262/239 452/256/239
f 123/260/240 122/263/240 400/263/240 401/260/240
f 163/264/241 162/261/241 440/261/241 441/264/241
f 117/265/242 116/259/242 394/259/242 395/265/242
f 122/263/243 121/266/243 399/266/243 400/263/243
f 164/267/244 163/264/244 441/264/244 442/267/244
f 173/262/245 172/268/245 450/268/245 451/262/245
f 121/266/246 120/269/246 398/269/246 399/266/246
f 165/270/247 164/267/247 442/267/247 443/270/247
f 166/271/248 165/270/248 443/270/248 444/271/248
f 118/272/249 117/265/249 395/265/249 396/272/249
f 172/268/250 171/273/250 449/273/250 450/268/250
f 167/274/251 166/271/251 444/271/251 445/274/251
f 119/275/252 118/272/252 396/272/252 397/275/252
f 120/269/253 119/275/253 397/275/253 398/269/253
f 168/276/254 167/274/254 445/274/254 446/276/254
f 171/273/255 170/277/255 448/277/255 449/273/255
f 169/278/256 168/276/256 446/276/256 447/278/256
f 170/277/257 169/278/257 447/278/257 448/277/257
o Curve
v -0.037134 0.056473 -0.448352
v -0.040017 0.056473 -0.447507
v -0.042769 0.056473 -0.446584
v -0.045406 0.056473 -0.445570
v -0.047948 0.056473 -0.444453
v -0.050411 0.056473 -0.443222
v -0.052815 0.056473 -0.441866
v -0.055178 0.056473 -0.440372
v -0.057517 0.056473 -0.438729
v -0.059851 0.056473 -0.436926
v -0.062198 0.056473 -0.434950
v -0.064576 0.056473 -0.432790
v -0.067003 0.056473 -0.430434
v -0.068859 0.056473 -0.428580
v -0.070525 0.056473 -0.426848
v -0.072028 0.056473 -0.425202
v -0.073396 0.056473 -0.423604
v -0.074657 0.056473 -0.422017
v -0.075839 0.056473 -0.420402
v -0.076969 0.056473 -0.418723
v -0.078075 0.056473 -0.416941
v -0.079184 0.056473 -0.415019
v -0.080324 0.056473 -0.412919
v -0.081523 0.056473 -0.410605
v -0.082809 0.056473 -0.408037
v -0.091004 0.056473 -0.391235
v -0.098867 0.056473 -0.375199
v -0.106333 0.056473 -0.360060
v -0.113332 0.056473 -0.345952
v -0.119800 0.056473 -0.333007
v -0.125668 0.056473 -0.321357
v -0.130869 0.056473 -0.311136
v -0.135338 0.056473 -0.302476
v -0.139006 0.056473 -0.295509
v -0.141807 0.056473 -0.290369
v -0.143673 0.056473 -0.287187
v -0.144538 0.056473 -0.286097
v -0.148605 0.056473 -0.285692
v -0.157160 0.056473 -0.284567
v -0.169309 0.056473 -0.282858
v -0.184156 0.056473 -0.280701
v -0.200809 0.056473 -0.278230
v -0.218371 0.056473 -0.275583
v -0.235949 0.056473 -0.272894
v -0.252648 0.056473 -0.270299
v -0.267573 0.056473 -0.267935
v -0.279831 0.056473 -0.265935
v -0.288526 0.056473 -0.264437
v -0.292764 0.056473 -0.263576
v -0.302738 0.056473 -0.259709
v -0.311647 0.056473 -0.254451
v -0.319428 0.056473 -0.247979
v -0.326016 0.056473 -0.240474
v -0.331348 0.056473 -0.232112
v -0.335358 0.056473 -0.223074
v -0.337985 0.056473 -0.213539
v -0.339162 0.056473 -0.203684
v -0.338828 0.056473 -0.193690
v -0.336916 0.056473 -0.183734
v -0.333365 0.056473 -0.173996
v -0.328109 0.056473 -0.164655
v -0.326930 0.056473 -0.163098
v -0.325026 0.056473 -0.160868
v -0.322419 0.056473 -0.157987
v -0.319130 0.056473 -0.154475
v -0.315180 0.056473 -0.150355
v -0.310592 0.056473 -0.145649
v -0.305386 0.056473 -0.140377
v -0.299586 0.056473 -0.134562
v -0.293211 0.056473 -0.128225
v -0.286284 0.056473 -0.121387
v -0.278826 0.056473 -0.114071
v -0.270860 0.056473 -0.106298
v -0.262516 0.056473 -0.098148
v -0.254906 0.056473 -0.090680
v -0.248030 0.056473 -0.083891
v -0.241885 0.056473 -0.077781
v -0.236469 0.056473 -0.072346
v -0.231781 0.056473 -0.067585
v -0.227819 0.056473 -0.063496
v -0.224581 0.056473 -0.060075
v -0.222066 0.056473 -0.057322
v -0.220271 0.056473 -0.055234
v -0.219196 0.056473 -0.053808
v -0.218838 0.056473 -0.053043
v -0.219233 0.056473 -0.050159
v -0.220333 0.056473 -0.043207
v -0.222005 0.056473 -0.032957
v -0.224120 0.056473 -0.020185
v -0.226546 0.056473 -0.005661
v -0.229152 0.056473 0.009840
v -0.231807 0.056473 0.025546
v -0.234381 0.056473 0.040684
v -0.236742 0.056473 0.054481
v -0.238759 0.056473 0.066164
v -0.240302 0.056473 0.074959
v -0.241240 0.056473 0.080096
v -0.241660 0.056473 0.082434
v -0.241989 0.056473 0.084999
v -0.242227 0.056473 0.087744
v -0.242378 0.056473 0.090621
v -0.242442 0.056473 0.093583
v -0.242422 0.056473 0.096582
v -0.242318 0.056473 0.099571
v -0.242134 0.056473 0.102502
v -0.241870 0.056473 0.105327
v -0.241528 0.056473 0.108000
v -0.241110 0.056473 0.110472
v -0.240617 0.056473 0.112696
v -0.237616 0.056473 0.121486
v -0.233485 0.056473 0.129583
v -0.228343 0.056473 0.136924
v -0.222309 0.056473 0.143443
v -0.215502 0.056473 0.149076
v -0.208041 0.056473 0.153757
v -0.200047 0.056473 0.157422
v -0.191637 0.056473 0.160006
v -0.182932 0.056473 0.161444
v -0.174051 0.056473 0.161672
v -0.165113 0.056473 0.160624
v -0.156237 0.056473 0.158237
v -0.154672 0.056473 0.157591
v -0.152026 0.056473 0.156367
v -0.148385 0.056473 0.154609
v -0.143833 0.056473 0.152361
v -0.138457 0.056473 0.149667
v -0.132342 0.056473 0.146571
v -0.125573 0.056473 0.143118
v -0.118237 0.056473 0.139351
v -0.110418 0.056473 0.135314
v -0.102203 0.056473 0.131052
v -0.093676 0.056473 0.126609
v -0.084924 0.056473 0.122028
v -0.083666 0.056473 0.121364
v -0.080186 0.056473 0.119530
v -0.074929 0.056473 0.116759
v -0.068340 0.056473 0.113286
v -0.060862 0.056473 0.109344
v -0.052940 0.056473 0.105168
v -0.045017 0.056473 0.100992
v -0.037539 0.056473 0.097050
v -0.030950 0.056473 0.093577
v -0.025693 0.056473 0.090806
v -0.022213 0.056473 0.088971
v -0.020955 0.056473 0.088308
v 0.029201 0.056473 0.114687
v 0.036105 0.056473 0.118311
v 0.043012 0.056473 0.121940
v 0.049842 0.056473 0.125531
v 0.056516 0.056473 0.129042
v 0.062953 0.056473 0.132430
v 0.069073 0.056473 0.135653
v 0.074796 0.056473 0.138668
v 0.080043 0.056473 0.141434
v 0.084733 0.056473 0.143908
v 0.088786 0.056473 0.146047
v 0.092123 0.056473 0.147810
v 0.094664 0.056473 0.149153
v 0.098770 0.056473 0.151259
v 0.102697 0.056473 0.153161
v 0.106456 0.056473 0.154863
v 0.110059 0.056473 0.156370
v 0.113519 0.056473 0.157685
v 0.116848 0.056473 0.158812
v 0.120057 0.056473 0.159755
v 0.123159 0.056473 0.160518
v 0.126166 0.056473 0.161104
v 0.129090 0.056473 0.161518
v 0.131944 0.056473 0.161764
v 0.134738 0.056473 0.161845
v 0.142103 0.056473 0.161424
v 0.149286 0.056473 0.160192
v 0.156232 0.056473 0.158190
v 0.162883 0.056473 0.155462
v 0.169184 0.056473 0.152052
v 0.175077 0.056473 0.148002
v 0.180506 0.056473 0.143356
v 0.185414 0.056473 0.138157
v 0.189745 0.056473 0.132449
v 0.193442 0.056473 0.126273
v 0.196449 0.056473 0.119675
v 0.198708 0.056473 0.112696
v 0.199453 0.056473 0.109439
v 0.199991 0.056473 0.106104
v 0.200297 0.056473 0.102452
v 0.200344 0.056473 0.098244
v 0.200108 0.056473 0.093241
v 0.199563 0.056473 0.087204
v 0.198684 0.056473 0.079894
v 0.197445 0.056473 0.071072
v 0.195820 0.056473 0.060500
v 0.193784 0.056473 0.047938
v 0.191312 0.056473 0.033148
v 0.188378 0.056473 0.015890
v 0.188138 0.056473 0.014497
v 0.187475 0.056473 0.010646
v 0.186472 0.056473 0.004828
v 0.185216 0.056473 -0.002465
v 0.183790 0.056473 -0.010741
v 0.182280 0.056473 -0.019509
v 0.180769 0.056473 -0.028277
v 0.179344 0.056473 -0.036554
v 0.178087 0.056473 -0.043847
v 0.177085 0.056473 -0.049665
v 0.176421 0.056473 -0.053516
v 0.176181 0.056473 -0.054909
v 0.227208 0.056473 -0.104556
v 0.234176 0.056473 -0.111357
v 0.240972 0.056473 -0.118026
v 0.247527 0.056473 -0.124492
v 0.253772 0.056473 -0.130686
v 0.259638 0.056473 -0.136538
v 0.265058 0.056473 -0.141978
v 0.269961 0.056473 -0.146936
v 0.274279 0.056473 -0.151341
v 0.277945 0.056473 -0.155125
v 0.280888 0.056473 -0.158216
v 0.283040 0.056473 -0.160545
v 0.284333 0.056473 -0.162042
v 0.288733 0.056473 -0.168600
v 0.292231 0.056473 -0.175525
v 0.294832 0.056473 -0.182736
v 0.296538 0.056473 -0.190149
v 0.297357 0.056473 -0.197681
v 0.297291 0.056473 -0.205250
v 0.296347 0.056473 -0.212772
v 0.294529 0.056473 -0.220164
v 0.291841 0.056473 -0.227344
v 0.288288 0.056473 -0.234228
v 0.283875 0.056473 -0.240734
v 0.278608 0.056473 -0.246778
v 0.275489 0.056473 -0.249832
v 0.272428 0.056473 -0.252545
v 0.269347 0.056473 -0.254949
v 0.266171 0.056473 -0.257078
v 0.262823 0.056473 -0.258963
v 0.259224 0.056473 -0.260636
v 0.255299 0.056473 -0.262131
v 0.250970 0.056473 -0.263479
v 0.246160 0.056473 -0.264713
v 0.240793 0.056473 -0.265866
v 0.234792 0.056473 -0.266969
v 0.228079 0.056473 -0.268055
v 0.217725 0.056473 -0.269586
v 0.205823 0.056473 -0.271336
v 0.192833 0.056473 -0.273236
v 0.179214 0.056473 -0.275221
v 0.165426 0.056473 -0.277223
v 0.151928 0.056473 -0.279176
v 0.139180 0.056473 -0.281012
v 0.127640 0.056473 -0.282664
v 0.117768 0.056473 -0.284066
v 0.110023 0.056473 -0.285150
v 0.104865 0.056473 -0.285849
v 0.102753 0.056473 -0.286097
v 0.102001 0.056473 -0.286958
v 0.100430 0.056473 -0.289542
v 0.098040 0.056473 -0.293851
v 0.094830 0.056473 -0.299886
v 0.090800 0.056473 -0.307649
v 0.085952 0.056473 -0.317142
v 0.080284 0.056473 -0.328367
v 0.073797 0.056473 -0.341325
v 0.066490 0.056473 -0.356018
v 0.058364 0.056473 -0.372448
v 0.049419 0.056473 -0.390617
v 0.039655 0.056473 -0.410526
v 0.035605 0.056473 -0.417750
v 0.030907 0.056473 -0.424345
v 0.025626 0.056473 -0.430277
v 0.019830 0.056473 -0.435513
v 0.013583 0.056473 -0.440019
v 0.006954 0.056473 -0.443763
v 0.000009 0.056473 -0.446712
v -0.007186 0.056473 -0.448831
v -0.014565 0.056473 -0.450088
v -0.022060 0.056473 -0.450449
v -0.029605 0.056473 -0.449882
v -0.037134 -0.043527 -0.448352
v -0.040017 -0.043527 -0.447507
v -0.042769 -0.043527 -0.446584
v -0.045406 -0.043527 -0.445570
v -0.047948 -0.043527 -0.444453
v -0.050411 -0.043527 -0.443222
v -0.052815 -0.043527 -0.441866
v -0.055178 -0.043527 -0.440372
v -0.057517 -0.043527 -0.438729
v -0.059851 -0.043527 -0.436926
v -0.062198 -0.043527 -0.434950
v -0.064576 -0.043527 -0.432790
v -0.067003 -0.043527 -0.430434
v -0.068859 -0.043527 -0.428580
v -0.070525 -0.043527 -0.426848
v -0.072028 -0.043527 -0.425202
v -0.073396 -0.043527 -0.423604
v -0.074657 -0.043527 -0.422017
v -0.075839 -0.043527 -0.420402
v -0.076969 -0.043527 -0.418723
v -0.078075 -0.043527 -0.416941
v -0.079184 -0.043527 -0.415019
v -0.080324 -0.043527 -0.412919
v -0.081523 -0.043527 -0.410605
v -0.082809 -0.043527 -0.408037
v -0.091004 -0.043527 -0.391235
v -0.098867 -0.043527 -0.375199
v -0.106333 -0.043527 -0.360060
v -0.113332 -0.043527 -0.345952
v -0.119800 -0.043527 -0.333007
v -0.125668 -0.043527 -0.321357
v -0.130869 -0.043527 -0.311136
v -0.135338 -0.043527 -0.302476
v -0.139006 -0.043527 -0.295509
v -0.141807 -0.043527 -0.290369
v -0.143673 -0.043527 -0.287187
v -0.144538 -0.043527 -0.286097
v -0.148605 -0.043527 -0.285692
v -0.157160 -0.043527 -0.284567
v -0.169309 -0.043527 -0.282858
v -0.184156 -0.043527 -0.280701
v -0.200809 -0.043527 -0.278230
v -0.218371 -0.043527 -0.275583
v -0.235949 -0.043527 -0.272894
v -0.252648 -0.043527 -0.270299
v -0.267573 -0.043527 -0.267935
v -0.279831 -0.043527 -0.265935
v -0.288526 -0.043527 -0.264437
v -0.292764 -0.043527 -0.263576
v -0.302738 -0.043527 -0.259709
v -0.311647 -0.043527 -0.254451
v -0.319428 -0.043527 -0.247979
v -0.326016 -0.043527 -0.240474
v -0.331348 -0.043527 -0.232112
v -0.335358 -0.043527 -0.223074
v -0.337985 -0.043527 -0.213539
v -0.339162 -0.043527 -0.203684
v -0.338828 -0.043527 -0.193690
v -0.336916 -0.043527 -0.183734
v -0.333365 -0.043527 -0.173996
v -0.328109 -0.043527 -0.164655
v -0.326930 -0.043527 -0.163098
v -0.325026 -0.043527 -0.160868
v -0.322419 -0.043527 -0.157987
v -0.319130 -0.043527 -0.154475
v -0.315180 -0.043527 -0.150355
v -0.310592 -0.043527 -0.145649
v -0.305386 -0.043527 -0.140377
v -0.299586 -0.043527 -0.134562
v -0.293211 -0.043527 -0.128225
v -0.286284 -0.043527 -0.121387
v -0.278826 -0.043527 -0.114071
v -0.270860 -0.043527 -0.106298
v -0.262516 -0.043527 -0.098148
v -0.254906 -0.043527 -0.090680
v -0.248030 -0.043527 -0.083891
v -0.241885 -0.043527 -0.077781
v -0.236469 -0.043527 -0.072346
v -0.231781 -0.043527 -0.067585
v -0.227819 -0.043527 -0.063496
v -0.224581 -0.043527 -0.060075
v -0.222066 -0.043527 -0.057322
v -0.220271 -0.043527 -0.055234
v -0.219196 -0.043527 -0.053808
v -0.218838 -0.043527 -0.053043
v -0.219233 -0.043527 -0.050159
v -0.220333 -0.043527 -0.043207
v -0.222005 -0.043527 -0.032957
v -0.224120 -0.043527 -0.020185
v -0.226546 -0.043527 -0.005661
v -0.229152 -0.043527 0.009840
v -0.231807 -0.043527 0.025546
v -0.234381 -0.043527 0.040684
v -0.236742 -0.043527 0.054481
v -0.238759 -0.043527 0.066164
v -0.240302 -0.043527 0.074959
v -0.241240 -0.043527 0.080096
v -0.241660 -0.043527 0.082434
v -0.241989 -0.043527 0.084999
v -0.242227 -0.043527 0.087744
v -0.242378 -0.043527 0.090621
v -0.242442 -0.043527 0.093583
v -0.242422 -0.043527 0.096582
v -0.242318 -0.043527 0.099571
v -0.242134 -0.043527 0.102502
v -0.241870 -0.043527 0.105327
v -0.241528 -0.043527 0.108000
v -0.241110 -0.043527 0.110472
v -0.240617 -0.043527 0.112696
v -0.237616 -0.043527 0.121486
v -0.233485 -0.043527 0.129583
v -0.228343 -0.043527 0.136924
v -0.222309 -0.043527 0.143443
v -0.215502 -0.043527 0.149076
v -0.208041 -0.043527 0.153757
v -0.200047 -0.043527 0.157422
v -0.191637 -0.043527 0.160006
v -0.182932 -0.043527 0.161444
v -0.174051 -0.043527 0.161672
v -0.165113 -0.043527 0.160624
v -0.156237 -0.043527 0.158237
v -0.154672 -0.043527 0.157591
v -0.152026 -0.043527 0.156367
v -0.148385 -0.043527 0.154609
v -0.143833 -0.043527 0.152361
v -0.138457 -0.043527 0.149667
v -0.132342 -0.043527 0.146571
v -0.125573 -0.043527 0.143118
v -0.118237 -0.043527 0.139351
v -0.110418 -0.043527 0.135314
v -0.102203 -0.043527 0.131052
v -0.093676 -0.043527 0.126609
v -0.084924 -0.043527 0.122028
v -0.083666 -0.043527 0.121364
v -0.080186 -0.043527 0.119530
v -0.074929 -0.043527 0.116759
v -0.068340 -0.043527 0.113286
v -0.060862 -0.043527 0.109344
v -0.052940 -0.043527 0.105168
v -0.045017 -0.043527 0.100992
v -0.037539 -0.043527 0.097050
v -0.030950 -0.043527 0.093577
v -0.025693 -0.043527 0.090806
v -0.022213 -0.043527 0.088971
v -0.020955 -0.043527 0.088308
v 0.029201 -0.043527 0.114687
v 0.036105 -0.043527 0.118311
v 0.043012 -0.043527 0.121940
v 0.049842 -0.043527 0.125531
v 0.056516 -0.043527 0.129042
v 0.062953 -0.043527 0.132430
v 0.069073 -0.043527 0.135653
v 0.074796 -0.043527 0.138668
v 0.080043 -0.043527 0.141434
v 0.084733 -0.043527 0.143908
v 0.088786 -0.043527 0.146047
v 0.092123 -0.043527 0.147810
v 0.094664 -0.043527 0.149153
v 0.098770 -0.043527 0.151259
v 0.102697 -0.043527 0.153161
v 0.106456 -0.043527 0.154863
v 0.110059 -0.043527 0.156370
v 0.113519 -0.043527 0.157685
v 0.116848 -0.043527 0.158812
v 0.120057 -0.043527 0.159755
v 0.123159 -0.043527 0.160518
v 0.126166 -0.043527 0.161104
v 0.129090 -0.043527 0.161518
v 0.131944 -0.043527 0.161764
v 0.134738 -0.043527 0.161845
v 0.142103 -0.043527 0.161424
v 0.149286 -0.043527 0.160192
v 0.156232 -0.043527 0.158190
v 0.162883 -0.043527 0.155462
v 0.169184 -0.043527 0.152052
v 0.175077 -0.043527 0.148002
v 0.180506 -0.043527 0.143356
v 0.185414 -0.043527 0.138157
v 0.189745 -0.043527 0.132449
v 0.193442 -0.043527 0.126273
v 0.196449 -0.043527 0.119675
v 0.198708 -0.043527 0.112696
v 0.199453 -0.043527 0.109439
v 0.199991 -0.043527 0.106104
v 0.200297 -0.043527 0.102452
v 0.200344 -0.043527 0.098244
v 0.200108 -0.043527 0.093241
v 0.199563 -0.043527 0.087204
v 0.198684 -0.043527 0.079894
v 0.197445 -0.043527 0.071072
v 0.195820 -0.043527 0.060500
v 0.193784 -0.043527 0.047938
v 0.191312 -0.043527 0.033148
v 0.188378 -0.043527 0.015890
v 0.188138 -0.043527 0.014497
v 0.187475 -0.043527 0.010646
v 0.186472 -0.043527 0.004828
v 0.185216 -0.043527 -0.002465
v 0.183790 -0.043527 -0.010741
v 0.182280 -0.043527 -0.019509
v 0.180769 -0.043527 -0.028277
v 0.179344 -0.043527 -0.036554
v 0.178087 -0.043527 -0.043847
v 0.177085 -0.043527 -0.049665
v 0.176421 -0.043527 -0.053516
v 0.176181 -0.043527 -0.054909
v 0.227208 -0.043527 -0.104556
v 0.234176 -0.043527 -0.111357
v 0.240972 -0.043527 -0.118026
v 0.247527 -0.043527 -0.124492
v 0.253772 -0.043527 -0.130686
v 0.259638 -0.043527 -0.136538
v 0.265058 -0.043527 -0.141978
v 0.269961 -0.043527 -0.146936
v 0.274279 -0.043527 -0.151341
v 0.277945 -0.043527 -0.155125
v 0.280888 -0.043527 -0.158216
v 0.283040 -0.043527 -0.160545
v 0.284333 -0.043527 -0.162042
v 0.288733 -0.043527 -0.168600
v 0.292231 -0.043527 -0.175525
v 0.294832 -0.043527 -0.182736
v 0.296538 -0.043527 -0.190149
v 0.297357 -0.043527 -0.197681
v 0.297291 -0.043527 -0.205250
v 0.296347 -0.043527 -0.212772
v 0.294529 -0.043527 -0.220164
v 0.291841 -0.043527 -0.227344
v 0.288288 -0.043527 -0.234228
v 0.283875 -0.043527 -0.240734
v 0.278608 -0.043527 -0.246778
v 0.275489 -0.043527 -0.249832
v 0.272428 -0.043527 -0.252545
v 0.269347 -0.043527 -0.254949
v 0.266171 -0.043527 -0.257078
v 0.262823 -0.043527 -0.258963
v 0.259224 -0.043527 -0.260636
v 0.255299 -0.043527 -0.262131
v 0.250970 -0.043527 -0.263479
v 0.246160 -0.043527 -0.264713
v 0.240793 -0.043527 -0.265866
v 0.234792 -0.043527 -0.266969
v 0.228079 -0.043527 -0.268055
v 0.217725 -0.043527 -0.269586
v 0.205823 -0.043527 -0.271336
v 0.192833 -0.043527 -0.273236
v 0.179214 -0.043527 -0.275221
v 0.165426 -0.043527 -0.277223
v 0.151928 -0.043527 -0.279176
v 0.139180 -0.043527 -0.281012
v 0.127640 -0.043527 -0.282664
v 0.117768 -0.043527 -0.284066
v 0.110023 -0.043527 -0.285150
v 0.104865 -0.043527 -0.285849
v 0.102753 -0.043527 -0.286097
v 0.102001 -0.043527 -0.286958
v 0.100430 -0.043527 -0.289542
v 0.098040 -0.043527 -0.293851
v 0.094830 -0.043527 -0.299886
v 0.090800 -0.043527 -0.307649
v 0.085952 -0.043527 -0.317142
v 0.080284 -0.043527 -0.328367
v 0.073797 -0.043527 -0.341325
v 0.066490 -0.043527 -0.356018
v 0.058364 -0.043527 -0.372448
v 0.049419 -0.043527 -0.390617
v 0.039655 -0.043527 -0.410526
v 0.035605 -0.043527 -0.417750
v 0.030907 -0.043527 -0.424345
v 0.025626 -0.043527 -0.430277
v 0.019830 -0.043527 -0.435513
v 0.013583 -0.043527 -0.440019
v 0.006954 -0.043527 -0.443763
v 0.000009 -0.043527 -0.446712
v -0.007186 -0.043527 -0.448831
v -0.014565 -0.043527 -0.450088
v -0.022060 -0.043527 -0.450449
v -0.029605 -0.043527 -0.449882
vn -0.0000 1.0000 -0.0000
vn -0.0000 -1.0000 -0.0000
vn -0.0750 -0.0000 -0.9972
vn 0.0481 -0.0000 -0.9988
vn 0.1679 -0.0000 -0.9858
vn -0.1991 -0.0000 -0.9800
vn 0.2825 -0.0000 -0.9593
vn -0.2810 -0.0000 -0.9597
vn -0.3182 -0.0000 -0.9480
vn 0.3908 -0.0000 -0.9205
vn -0.3589 -0.0000 -0.9334
vn -0.4023 -0.0000 -0.9155
vn -0.4469 -0.0000 -0.8946
vn 0.4918 -0.0000 -0.8707
vn -0.4914 -0.0000 -0.8709
vn -0.5344 -0.0000 -0.8452
vn -0.5747 -0.0000 -0.8183
vn 0.5851 -0.0000 -0.8110
vn -0.6115 -0.0000 -0.7913
vn -0.6441 -0.0000 -0.7650
vn 0.6703 -0.0000 -0.7421
vn -0.6724 -0.0000 -0.7402
vn -0.6964 -0.0000 -0.7176
vn -0.7069 -0.0000 -0.7074
vn 0.7469 -0.0000 -0.6649
vn -0.7206 -0.0000 -0.6933
vn -0.7384 -0.0000 -0.6744
vn -0.7595 -0.0000 -0.6505
vn 0.8144 -0.0000 -0.5802
vn -0.7830 -0.0000 -0.6221
vn -0.8070 -0.0000 -0.5906
vn -0.8297 -0.0000 -0.5582
vn -0.8497 -0.0000 -0.5272
vn 0.8723 -0.0000 -0.4889
vn -0.8661 -0.0000 -0.4998
vn -0.8788 -0.0000 -0.4773
vn -0.8879 -0.0000 -0.4600
vn -0.8942 -0.0000 -0.4477
vn 0.8978 -0.0000 -0.4403
vn -0.8988 -0.0000 -0.4384
vn -0.8979 -0.0000 -0.4403
vn 0.8972 -0.0000 -0.4417
vn -0.8969 -0.0000 -0.4423
vn 0.8964 -0.0000 -0.4433
vn -0.8958 -0.0000 -0.4445
vn 0.8954 -0.0000 -0.4453
vn -0.8946 -0.0000 -0.4469
vn 0.8942 -0.0000 -0.4477
vn -0.8931 -0.0000 -0.4499
vn 0.8927 -0.0000 -0.4507
vn -0.8912 -0.0000 -0.4536
vn 0.8906 -0.0000 -0.4549
vn -0.8887 -0.0000 -0.4585
vn 0.8876 -0.0000 -0.4607
vn -0.8848 -0.0000 -0.4659
vn 0.8829 -0.0000 -0.4696
vn -0.8781 -0.0000 -0.4784
vn 0.8744 -0.0000 -0.4852
vn -0.8625 -0.0000 -0.5060
vn 0.8544 -0.0000 -0.5196
vn -0.7832 -0.0000 -0.6217
vn 0.7532 -0.0000 -0.6578
vn -0.0991 -0.0000 -0.9951
vn 0.1167 -0.0000 -0.9932
vn 0.1344 -0.0000 -0.9909
vn -0.1304 -0.0000 -0.9915
vn 0.1386 -0.0000 -0.9903
vn -0.1393 -0.0000 -0.9902
vn 0.1406 -0.0000 -0.9901
vn -0.1438 -0.0000 -0.9896
vn 0.1417 -0.0000 -0.9899
vn 0.1425 -0.0000 -0.9898
vn -0.1467 -0.0000 -0.9892
vn 0.1432 -0.0000 -0.9897
vn -0.1491 -0.0000 -0.9888
vn 0.1437 -0.0000 -0.9896
vn -0.1512 -0.0000 -0.9885
vn 0.1442 -0.0000 -0.9895
vn 0.1448 -0.0000 -0.9895
vn -0.1535 -0.0000 -0.9881
vn 0.1454 -0.0000 -0.9894
vn -0.1565 -0.0000 -0.9877
vn 0.1463 -0.0000 -0.9892
vn 0.1598 -0.0000 -0.9872
vn -0.1610 -0.0000 -0.9870
vn 0.1808 -0.0000 -0.9835
vn -0.1698 -0.0000 -0.9855
vn 0.2099 -0.0000 -0.9777
vn 0.2485 -0.0000 -0.9686
vn -0.1992 -0.0000 -0.9800
vn -0.3614 -0.0000 -0.9324
vn 0.2973 -0.0000 -0.9548
vn 0.3558 -0.0000 -0.9345
vn 0.4217 -0.0000 -0.9067
vn -0.5083 -0.0000 -0.8612
vn 0.4905 -0.0000 -0.8715
vn 0.5567 -0.0000 -0.8307
vn 0.6154 -0.0000 -0.7882
vn -0.6395 -0.0000 -0.7688
vn 0.6633 -0.0000 -0.7484
vn 0.6996 -0.0000 -0.7145
vn -0.7516 -0.0000 -0.6597
vn 0.7539 -0.0000 -0.6570
vn 0.8276 -0.0000 -0.5613
vn -0.8432 -0.0000 -0.5376
vn 0.8886 -0.0000 -0.4586
vn -0.9140 -0.0000 -0.4056
vn 0.9365 -0.0000 -0.3506
vn -0.9641 -0.0000 -0.2655
vn 0.9710 -0.0000 -0.2389
vn -0.9929 -0.0000 -0.1187
vn 0.9922 -0.0000 -0.1246
vn 1.0000 -0.0000 -0.0086
vn -0.9994 -0.0000 0.0335
vn 0.9941 -0.0000 0.1080
vn -0.9821 -0.0000 0.1885
vn 0.9745 -0.0000 0.2244
vn -0.9395 -0.0000 0.3426
vn 0.9407 -0.0000 0.3392
vn 0.8926 -0.0000 0.4508
vn -0.8715 -0.0000 0.4904
vn 0.8303 -0.0000 0.5572
vn -0.7973 -0.0000 0.6036
vn -0.7605 -0.0000 0.6493
vn 0.7569 -0.0000 0.6536
vn -0.7415 -0.0000 0.6709
vn 0.7344 -0.0000 0.6787
vn 0.7243 -0.0000 0.6895
vn -0.7298 -0.0000 0.6836
vn 0.7182 -0.0000 0.6958
vn -0.7219 -0.0000 0.6920
vn 0.7141 -0.0000 0.7000
vn -0.7160 -0.0000 0.6981
vn 0.7110 -0.0000 0.7032
vn -0.7116 -0.0000 0.7026
vn 0.7085 -0.0000 0.7058
vn -0.7080 -0.0000 0.7062
vn 0.7062 -0.0000 0.7080
vn -0.7050 -0.0000 0.7092
vn 0.7042 -0.0000 0.7100
vn -0.7025 -0.0000 0.7117
vn 0.7023 -0.0000 0.7119
vn -0.7003 -0.0000 0.7138
vn 0.7004 -0.0000 0.7138
vn -0.6984 -0.0000 0.7157
vn 0.6984 -0.0000 0.7157
vn -0.6988 -0.0000 0.7154
vn 0.6974 -0.0000 0.7167
vn -0.7005 -0.0000 0.7137
vn -0.7051 -0.0000 0.7091
vn -0.7083 -0.0000 0.7059
vn -0.7125 -0.0000 0.7016
vn -0.7182 -0.0000 0.6958
vn -0.7262 -0.0000 0.6875
vn -0.7383 -0.0000 0.6745
vn -0.7585 -0.0000 0.6517
vn -0.7983 -0.0000 0.6022
vn 0.9855 -0.0000 -0.1698
vn -0.9057 -0.0000 0.4239
vn -0.9907 -0.0000 -0.1359
vn -0.9877 -0.0000 -0.1562
vn -0.9869 -0.0000 -0.1611
vn -0.9866 -0.0000 -0.1633
vn -0.9863 -0.0000 -0.1647
vn -0.9862 -0.0000 -0.1658
vn -0.9860 -0.0000 -0.1667
vn 0.9859 -0.0000 -0.1676
vn -0.9859 -0.0000 -0.1676
vn 0.9863 -0.0000 -0.1649
vn -0.9857 -0.0000 -0.1687
vn 0.9871 -0.0000 -0.1600
vn -0.9854 -0.0000 -0.1702
vn 0.9884 -0.0000 -0.1519
vn -0.9850 -0.0000 -0.1728
vn 0.9903 -0.0000 -0.1391
vn -0.9837 -0.0000 -0.1796
vn 0.9928 -0.0000 -0.1194
vn -0.9842 -0.0000 -0.1769
vn -0.9919 -0.0000 -0.1271
vn -0.9962 -0.0000 -0.0867
vn 0.9960 -0.0000 -0.0899
vn -0.9986 -0.0000 -0.0523
vn 0.4663 -0.0000 0.8846
vn -0.4655 -0.0000 0.8851
vn -0.9998 -0.0000 -0.0217
vn 0.9989 -0.0000 -0.0471
vn -1.0000 -0.0000 0.0068
vn -0.9994 -0.0000 0.0346
vn 0.9999 -0.0000 0.0113
vn -0.9980 -0.0000 0.0629
vn 0.9965 -0.0000 0.0834
vn -0.9957 -0.0000 0.0931
vn -0.9919 -0.0000 0.1269
vn 0.9872 -0.0000 0.1593
vn -0.9860 -0.0000 0.1667
vn 0.9748 -0.0000 0.2230
vn -0.9764 -0.0000 0.2161
vn -0.9464 -0.0000 0.3231
vn 0.9514 -0.0000 0.3080
vn -0.4648 -0.0000 0.8854
vn -0.4651 -0.0000 0.8853
vn 0.9100 -0.0000 0.4146
vn -0.8908 -0.0000 0.4544
vn -0.4653 -0.0000 0.8851
vn 0.4637 -0.0000 0.8860
vn -0.4656 -0.0000 0.8850
vn 0.8580 -0.0000 0.5137
vn 0.4622 -0.0000 0.8868
vn -0.4658 -0.0000 0.8849
vn -0.8190 -0.0000 0.5737
vn 0.4605 -0.0000 0.8877
vn -0.4660 -0.0000 0.8848
vn 0.7967 -0.0000 0.6044
vn 0.4587 -0.0000 0.8886
vn -0.4661 -0.0000 0.8847
vn -0.7339 -0.0000 0.6793
vn 0.7271 -0.0000 0.6865
vn -0.4663 -0.0000 0.8846
vn 0.4568 -0.0000 0.8896
vn -0.4665 -0.0000 0.8845
vn 0.4545 -0.0000 0.8908
vn 0.6502 -0.0000 0.7598
vn -0.6375 -0.0000 0.7704
vn -0.4668 -0.0000 0.8844
vn -0.4670 -0.0000 0.8842
vn 0.4516 -0.0000 0.8922
vn -0.4675 -0.0000 0.8840
vn 0.5664 -0.0000 0.8242
vn -0.5315 -0.0000 0.8471
vn -0.4563 -0.0000 0.8898
vn 0.4480 -0.0000 0.8940
vn -0.4359 -0.0000 0.9000
vn 0.4760 -0.0000 0.8794
vn 0.4428 -0.0000 0.8966
vn -0.4126 -0.0000 0.9109
vn -0.4167 -0.0000 0.9090
vn 0.4347 -0.0000 0.9006
vn -0.3858 -0.0000 0.9226
vn 0.3794 -0.0000 0.9252
vn 0.4198 -0.0000 0.9076
vn -0.3552 -0.0000 0.9348
vn -0.2937 -0.0000 0.9559
vn 0.3816 -0.0000 0.9243
vn -0.3207 -0.0000 0.9472
vn 0.2769 -0.0000 0.9609
vn 0.2598 -0.0000 0.9657
vn -0.2819 -0.0000 0.9594
vn -0.2388 -0.0000 0.9711
vn -0.1630 -0.0000 0.9866
vn 0.1691 -0.0000 0.9856
vn -0.1914 -0.0000 0.9815
vn -0.0256 -0.0000 0.9997
vn 0.1164 -0.0000 0.9932
vn -0.1402 -0.0000 0.9901
vn 0.0570 -0.0000 0.9984
vn -0.0858 -0.0000 0.9963
vn -0.0290 -0.0000 0.9996
vt 1.000000 0.000000
vt 0.992780 0.000000
vt 0.996390 0.000000
vt 0.989170 0.000000
vt 0.000000 0.000000
vt 0.985560 0.000000
vt 0.003610 0.000000
vt 0.007220 0.000000
vt 0.981949 0.000000
vt 0.010830 0.000000
vt 0.014440 0.000000
vt 0.018051 0.000000
vt 0.978339 0.000000
vt 0.021661 0.000000
vt 0.025271 0.000000
vt 0.028881 0.000000
vt 0.974729 0.000000
vt 0.032491 0.000000
vt 0.036101 0.000000
vt 0.971119 0.000000
vt 0.039711 0.000000
vt 0.043321 0.000000
vt 0.046931 0.000000
vt 0.967509 0.000000
vt 0.050542 0.000000
vt 0.054152 0.000000
vt 0.057762 0.000000
vt 0.963899 0.000000
vt 0.061372 0.000000
vt 0.064982 0.000000
vt 0.068592 0.000000
vt 0.072202 0.000000
vt 0.960289 0.000000
vt 0.075812 0.000000
vt 0.079422 0.000000
vt 0.083032 0.000000
vt 0.086643 0.000000
vt 0.956679 0.000000
vt 0.090253 0.000000
vt 0.093863 0.000000
vt 0.953069 0.000000
vt 0.097473 0.000000
vt 0.949458 0.000000
vt 0.101083 0.000000
vt 0.945848 0.000000
vt 0.104693 0.000000
vt 0.942238 0.000000
vt 0.108303 0.000000
vt 0.938628 0.000000
vt 0.111913 0.000000
vt 0.935018 0.000000
vt 0.115523 0.000000
vt 0.931408 0.000000
vt 0.119134 0.000000
vt 0.927798 0.000000
vt 0.122744 0.000000
vt 0.924188 0.000000
vt 0.126354 0.000000
vt 0.920578 0.000000
vt 0.129964 0.000000
vt 0.916968 0.000000
vt 0.133574 0.000000
vt 0.913357 0.000000
vt 0.909747 0.000000
vt 0.137184 0.000000
vt 0.906137 0.000000
vt 0.140794 0.000000
vt 0.902527 0.000000
vt 0.144404 0.000000
vt 0.898917 0.000000
vt 0.895307 0.000000
vt 0.148014 0.000000
vt 0.891697 0.000000
vt 0.151625 0.000000
vt 0.888087 0.000000
vt 0.155235 0.000000
vt 0.884477 0.000000
vt 0.880866 0.000000
vt 0.158845 0.000000
vt 0.877256 0.000000
vt 0.162455 0.000000
vt 0.873646 0.000000
vt 0.870036 0.000000
vt 0.166065 0.000000
vt 0.866426 0.000000
vt 0.169675 0.000000
vt 0.862816 0.000000
vt 0.859206 0.000000
vt 0.173285 0.000000
vt 0.176895 0.000000
vt 0.855596 0.000000
vt 0.851986 0.000000
vt 0.848375 0.000000
vt 0.180505 0.000000
vt 0.844765 0.000000
vt 0.841155 0.000000
vt 0.837545 0.000000
vt 0.184116 0.000000
vt 0.833935 0.000000
vt 0.830325 0.000000
vt 0.187726 0.000000
vt 0.826715 0.000000
vt 0.823105 0.000000
vt 0.191336 0.000000
vt 0.819495 0.000000
vt 0.194946 0.000000
vt 0.815884 0.000000
vt 0.198556 0.000000
vt 0.812274 0.000000
vt 0.202166 0.000000
vt 0.808664 0.000000
vt 0.805054 0.000000
vt 0.205776 0.000000
vt 0.801444 0.000000
vt 0.209386 0.000000
vt 0.797834 0.000000
vt 0.212996 0.000000
vt 0.794224 0.000000
vt 0.790614 0.000000
vt 0.216606 0.000000
vt 0.787004 0.000000
vt 0.220217 0.000000
vt 0.223827 0.000000
vt 0.783394 0.000000
vt 0.227437 0.000000
vt 0.779783 0.000000
vt 0.776173 0.000000
vt 0.231047 0.000000
vt 0.772563 0.000000
vt 0.234657 0.000000
vt 0.768953 0.000000
vt 0.238267 0.000000
vt 0.765343 0.000000
vt 0.241877 0.000000
vt 0.761733 0.000000
vt 0.245487 0.000000
vt 0.758123 0.000000
vt 0.249097 0.000000
vt 0.754513 0.000000
vt 0.252708 0.000000
vt 0.750903 0.000000
vt 0.256318 0.000000
vt 0.747292 0.000000
vt 0.259928 0.000000
vt 0.743682 0.000000
vt 0.263538 0.000000
vt 0.740072 0.000000
vt 0.267148 0.000000
vt 0.270758 0.000000
vt 0.274368 0.000000
vt 0.277978 0.000000
vt 0.281588 0.000000
vt 0.285199 0.000000
vt 0.288809 0.000000
vt 0.292419 0.000000
vt 0.296029 0.000000
vt 0.299639 0.000000
vt 0.736462 0.000000
vt 0.303249 0.000000
vt 0.732852 0.000000
vt 0.306859 0.000000
vt 0.310469 0.000000
vt 0.729242 0.000000
vt 0.725632 0.000000
vt 0.314079 0.000000
vt 0.722022 0.000000
vt 0.317690 0.000000
vt 0.718412 0.000000
vt 0.321300 0.000000
vt 0.714801 0.000000
vt 0.711191 0.000000
vt 0.324910 0.000000
vt 0.707581 0.000000
vt 0.703971 0.000000
vt 0.328520 0.000000
vt 0.700361 0.000000
vt 0.696751 0.000000
vt 0.693141 0.000000
vt 0.332130 0.000000
vt 0.689531 0.000000
vt 0.335740 0.000000
vt 0.685921 0.000000
vt 0.339350 0.000000
vt 0.682310 0.000000
vt 0.342960 0.000000
vt 0.678700 0.000000
vt 0.346570 0.000000
vt 0.675090 0.000000
vt 0.350181 0.000000
vt 0.353791 0.000000
vt 0.357401 0.000000
vt 0.519856 0.000000
vt 0.671480 0.000000
vt 0.361011 0.000000
vt 0.516245 0.000000
vt 0.523466 0.000000
vt 0.512635 0.000000
vt 0.364621 0.000000
vt 0.509025 0.000000
vt 0.667870 0.000000
vt 0.505415 0.000000
vt 0.368231 0.000000
vt 0.371841 0.000000
vt 0.501805 0.000000
vt 0.664260 0.000000
vt 0.375451 0.000000
vt 0.498195 0.000000
vt 0.660650 0.000000
vt 0.379061 0.000000
vt 0.494585 0.000000
vt 0.382671 0.000000
vt 0.657040 0.000000
vt 0.386282 0.000000
vt 0.490975 0.000000
vt 0.653430 0.000000
vt 0.389892 0.000000
vt 0.393502 0.000000
vt 0.649819 0.000000
vt 0.487365 0.000000
vt 0.527076 0.000000
vt 0.483755 0.000000
vt 0.530686 0.000000
vt 0.480144 0.000000
vt 0.646209 0.000000
vt 0.476534 0.000000
vt 0.397112 0.000000
vt 0.534296 0.000000
vt 0.472924 0.000000
vt 0.537906 0.000000
vt 0.642599 0.000000
vt 0.469314 0.000000
vt 0.541516 0.000000
vt 0.400722 0.000000
vt 0.465704 0.000000
vt 0.545126 0.000000
vt 0.638989 0.000000
vt 0.462094 0.000000
vt 0.548736 0.000000
vt 0.404332 0.000000
vt 0.635379 0.000000
vt 0.552347 0.000000
vt 0.458484 0.000000
vt 0.555957 0.000000
vt 0.454874 0.000000
vt 0.631769 0.000000
vt 0.407942 0.000000
vt 0.559567 0.000000
vt 0.563177 0.000000
vt 0.451264 0.000000
vt 0.566787 0.000000
vt 0.628159 0.000000
vt 0.411552 0.000000
vt 0.570397 0.000000
vt 0.447653 0.000000
vt 0.574007 0.000000
vt 0.624549 0.000000
vt 0.444043 0.000000
vt 0.577617 0.000000
vt 0.415162 0.000000
vt 0.440433 0.000000
vt 0.581227 0.000000
vt 0.620939 0.000000
vt 0.436823 0.000000
vt 0.584838 0.000000
vt 0.418773 0.000000
vt 0.433213 0.000000
vt 0.588448 0.000000
vt 0.617329 0.000000
vt 0.429603 0.000000
vt 0.592058 0.000000
vt 0.595668 0.000000
vt 0.422383 0.000000
vt 0.613718 0.000000
vt 0.599278 0.000000
vt 0.425993 0.000000
vt 0.602888 0.000000
vt 0.610108 0.000000
vt 0.606498 0.000000
s 0
usemtl SVGMat.001
f 834/279/258 832/280/258 833/281/258
f 834/279/258 831/282/258 832/280/258
f 557/283/258 831/282/258 834/279/258
f 557/283/258 830/284/258 831/282/258
f 558/285/258 830/284/258 557/283/258
f 559/286/258 830/284/258 558/285/258
f 559/286/258 829/287/258 830/284/258
f 560/288/258 829/287/258 559/286/258
f 561/289/258 829/287/258 560/288/258
f 562/290/258 829/287/258 561/289/258
f 562/290/258 828/291/258 829/287/258
f 563/292/258 828/291/258 562/290/258
f 564/293/258 828/291/258 563/292/258
f 565/294/258 828/291/258 564/293/258
f 565/294/258 827/295/258 828/291/258
f 566/296/258 827/295/258 565/294/258
f 567/297/258 827/295/258 566/296/258
f 567/297/258 826/298/258 827/295/258
f 568/299/258 826/298/258 567/297/258
f 569/300/258 826/298/258 568/299/258
f 570/301/258 826/298/258 569/300/258
f 570/301/258 825/302/258 826/298/258
f 571/303/258 825/302/258 570/301/258
f 572/304/258 825/302/258 571/303/258
f 573/305/258 825/302/258 572/304/258
f 573/305/258 824/306/258 825/302/258
f 574/307/258 824/306/258 573/305/258
f 575/308/258 824/306/258 574/307/258
f 576/309/258 824/306/258 575/308/258
f 577/310/258 824/306/258 576/309/258
f 577/310/258 823/311/258 824/306/258
f 578/312/258 823/311/258 577/310/258
f 579/313/258 823/311/258 578/312/258
f 580/314/258 823/311/258 579/313/258
f 581/315/258 823/311/258 580/314/258
f 581/315/258 822/316/258 823/311/258
f 582/317/258 822/316/258 581/315/258
f 583/318/258 822/316/258 582/317/258
f 583/318/258 821/319/258 822/316/258
f 584/320/258 821/319/258 583/318/258
f 584/320/258 820/321/258 821/319/258
f 585/322/258 820/321/258 584/320/258
f 585/322/258 819/323/258 820/321/258
f 586/324/258 819/323/258 585/322/258
f 586/324/258 818/325/258 819/323/258
f 587/326/258 818/325/258 586/324/258
f 587/326/258 817/327/258 818/325/258
f 588/328/258 817/327/258 587/326/258
f 588/328/258 816/329/258 817/327/258
f 589/330/258 816/329/258 588/328/258
f 589/330/258 815/331/258 816/329/258
f 590/332/258 815/331/258 589/330/258
f 590/332/258 814/333/258 815/331/258
f 591/334/258 814/333/258 590/332/258
f 591/334/258 813/335/258 814/333/258
f 592/336/258 813/335/258 591/334/258
f 592/336/258 812/337/258 813/335/258
f 593/338/258 812/337/258 592/336/258
f 593/338/258 811/339/258 812/337/258
f 594/340/258 811/339/258 593/338/258
f 594/340/258 810/341/258 811/339/258
f 594/340/258 809/342/258 810/341/258
f 595/343/258 809/342/258 594/340/258
f 595/343/258 808/344/258 809/342/258
f 596/345/258 808/344/258 595/343/258
f 596/345/258 807/346/258 808/344/258
f 597/347/258 807/346/258 596/345/258
f 597/347/258 806/348/258 807/346/258
f 597/347/258 805/349/258 806/348/258
f 598/350/258 805/349/258 597/347/258
f 598/350/258 804/351/258 805/349/258
f 599/352/258 804/351/258 598/350/258
f 599/352/258 803/353/258 804/351/258
f 600/354/258 803/353/258 599/352/258
f 600/354/258 802/355/258 803/353/258
f 600/354/258 801/356/258 802/355/258
f 601/357/258 801/356/258 600/354/258
f 601/357/258 800/358/258 801/356/258
f 602/359/258 800/358/258 601/357/258
f 602/359/258 799/360/258 800/358/258
f 602/359/258 798/361/258 799/360/258
f 603/362/258 798/361/258 602/359/258
f 603/362/258 797/363/258 798/361/258
f 604/364/258 797/363/258 603/362/258
f 604/364/258 796/365/258 797/363/258
f 604/364/258 795/366/258 796/365/258
f 605/367/258 795/366/258 604/364/258
f 606/368/258 795/366/258 605/367/258
f 606/368/258 794/369/258 795/366/258
f 606/368/258 793/370/258 794/369/258
f 606/368/258 792/371/258 793/370/258
f 607/372/258 792/371/258 606/368/258
f 607/372/258 791/373/258 792/371/258
f 607/372/258 790/374/258 791/373/258
f 607/372/258 789/375/258 790/374/258
f 608/376/258 789/375/258 607/372/258
f 608/376/258 788/377/258 789/375/258
f 608/376/258 787/378/258 788/377/258
f 609/379/258 787/378/258 608/376/258
f 609/379/258 786/380/258 787/378/258
f 609/379/258 785/381/258 786/380/258
f 610/382/258 785/381/258 609/379/258
f 610/382/258 784/383/258 785/381/258
f 611/384/258 784/383/258 610/382/258
f 611/384/258 783/385/258 784/383/258
f 612/386/258 783/385/258 611/384/258
f 612/386/258 782/387/258 783/385/258
f 613/388/258 782/387/258 612/386/258
f 613/388/258 781/389/258 782/387/258
f 613/388/258 780/390/258 781/389/258
f 614/391/258 780/390/258 613/388/258
f 614/391/258 779/392/258 780/390/258
f 615/393/258 779/392/258 614/391/258
f 615/393/258 778/394/258 779/392/258
f 616/395/258 778/394/258 615/393/258
f 616/395/258 777/396/258 778/394/258
f 616/395/258 776/397/258 777/396/258
f 617/398/258 776/397/258 616/395/258
f 617/398/258 775/399/258 776/397/258
f 618/400/258 775/399/258 617/398/258
f 619/401/258 775/399/258 618/400/258
f 619/401/258 774/402/258 775/399/258
f 620/403/258 774/402/258 619/401/258
f 620/403/258 773/404/258 774/402/258
f 620/403/258 772/405/258 773/404/258
f 621/406/258 772/405/258 620/403/258
f 621/406/258 771/407/258 772/405/258
f 622/408/258 771/407/258 621/406/258
f 622/408/258 770/409/258 771/407/258
f 623/410/258 770/409/258 622/408/258
f 623/410/258 769/411/258 770/409/258
f 624/412/258 769/411/258 623/410/258
f 624/412/258 768/413/258 769/411/258
f 625/414/258 768/413/258 624/412/258
f 625/414/258 767/415/258 768/413/258
f 626/416/258 767/415/258 625/414/258
f 626/416/258 766/417/258 767/415/258
f 627/418/258 766/417/258 626/416/258
f 627/418/258 765/419/258 766/417/258
f 628/420/258 765/419/258 627/418/258
f 628/420/258 764/421/258 765/419/258
f 629/422/258 764/421/258 628/420/258
f 629/422/258 763/423/258 764/421/258
f 630/424/258 763/423/258 629/422/258
f 630/424/258 762/425/258 763/423/258
f 631/426/258 762/425/258 630/424/258
f 632/427/258 762/425/258 631/426/258
f 633/428/258 762/425/258 632/427/258
f 634/429/258 762/425/258 633/428/258
f 635/430/258 762/425/258 634/429/258
f 636/431/258 762/425/258 635/430/258
f 637/432/258 762/425/258 636/431/258
f 638/433/258 762/425/258 637/432/258
f 639/434/258 762/425/258 638/433/258
f 640/435/258 762/425/258 639/434/258
f 640/435/258 761/436/258 762/425/258
f 641/437/258 761/436/258 640/435/258
f 641/437/258 760/438/258 761/436/258
f 642/439/258 760/438/258 641/437/258
f 643/440/258 760/438/258 642/439/258
f 643/440/258 759/441/258 760/438/258
f 643/440/258 758/442/258 759/441/258
f 644/443/258 758/442/258 643/440/258
f 644/443/258 757/444/258 758/442/258
f 645/445/258 757/444/258 644/443/258
f 645/445/258 756/446/258 757/444/258
f 646/447/258 756/446/258 645/445/258
f 646/447/258 755/448/258 756/446/258
f 646/447/258 754/449/258 755/448/258
f 647/450/258 754/449/258 646/447/258
f 647/450/258 753/451/258 754/449/258
f 647/450/258 752/452/258 753/451/258
f 648/453/258 752/452/258 647/450/258
f 648/453/258 751/454/258 752/452/258
f 648/453/258 750/455/258 751/454/258
f 648/453/258 749/456/258 750/455/258
f 649/457/258 749/456/258 648/453/258
f 649/457/258 748/458/258 749/456/258
f 650/459/258 748/458/258 649/457/258
f 650/459/258 747/460/258 748/458/258
f 651/461/258 747/460/258 650/459/258
f 651/461/258 746/462/258 747/460/258
f 652/463/258 746/462/258 651/461/258
f 652/463/258 745/464/258 746/462/258
f 653/465/258 745/464/258 652/463/258
f 653/465/258 744/466/258 745/464/258
f 654/467/258 744/466/258 653/465/258
f 655/468/258 744/466/258 654/467/258
f 656/469/258 744/466/258 655/468/258
f 656/469/258 701/470/258 744/466/258
f 701/470/258 743/471/258 744/466/258
f 657/472/258 701/470/258 656/469/258
f 657/472/258 700/473/258 701/470/258
f 702/474/258 743/471/258 701/470/258
f 657/472/258 699/475/258 700/473/258
f 658/476/258 699/475/258 657/472/258
f 658/476/258 698/477/258 699/475/258
f 702/474/258 742/478/258 743/471/258
f 658/476/258 697/479/258 698/477/258
f 659/480/258 697/479/258 658/476/258
f 660/481/258 697/479/258 659/480/258
f 660/481/258 696/482/258 697/479/258
f 702/474/258 741/483/258 742/478/258
f 661/484/258 696/482/258 660/481/258
f 661/484/258 695/485/258 696/482/258
f 702/474/258 740/486/258 741/483/258
f 662/487/258 695/485/258 661/484/258
f 662/487/258 694/488/258 695/485/258
f 663/489/258 694/488/258 662/487/258
f 702/474/258 739/490/258 740/486/258
f 664/491/258 694/488/258 663/489/258
f 664/491/258 693/492/258 694/488/258
f 702/474/258 738/493/258 739/490/258
f 665/494/258 693/492/258 664/491/258
f 666/495/258 693/492/258 665/494/258
f 702/474/258 737/496/258 738/493/258
f 666/495/258 692/497/258 693/492/258
f 703/498/258 737/496/258 702/474/258
f 666/495/258 691/499/258 692/497/258
f 704/500/258 737/496/258 703/498/258
f 666/495/258 690/501/258 691/499/258
f 704/500/258 736/502/258 737/496/258
f 666/495/258 689/503/258 690/501/258
f 667/504/258 689/503/258 666/495/258
f 705/505/258 736/502/258 704/500/258
f 667/504/258 688/506/258 689/503/258
f 706/507/258 736/502/258 705/505/258
f 706/507/258 735/508/258 736/502/258
f 667/504/258 687/509/258 688/506/258
f 707/510/258 735/508/258 706/507/258
f 668/511/258 687/509/258 667/504/258
f 668/511/258 686/512/258 687/509/258
f 708/513/258 735/508/258 707/510/258
f 708/513/258 734/514/258 735/508/258
f 668/511/258 685/515/258 686/512/258
f 709/516/258 734/514/258 708/513/258
f 669/517/258 685/515/258 668/511/258
f 709/516/258 733/518/258 734/514/258
f 710/519/258 733/518/258 709/516/258
f 669/517/258 684/520/258 685/515/258
f 711/521/258 733/518/258 710/519/258
f 669/517/258 683/522/258 684/520/258
f 711/521/258 732/523/258 733/518/258
f 670/524/258 683/522/258 669/517/258
f 712/525/258 732/523/258 711/521/258
f 713/526/258 732/523/258 712/525/258
f 670/524/258 682/527/258 683/522/258
f 714/528/258 732/523/258 713/526/258
f 714/528/258 731/529/258 732/523/258
f 671/530/258 682/527/258 670/524/258
f 715/531/258 731/529/258 714/528/258
f 671/530/258 681/532/258 682/527/258
f 716/533/258 731/529/258 715/531/258
f 716/533/258 730/534/258 731/529/258
f 671/530/258 680/535/258 681/532/258
f 717/536/258 730/534/258 716/533/258
f 672/537/258 680/535/258 671/530/258
f 672/537/258 679/538/258 680/535/258
f 718/539/258 730/534/258 717/536/258
f 718/539/258 729/540/258 730/534/258
f 672/537/258 678/541/258 679/538/258
f 719/542/258 729/540/258 718/539/258
f 673/543/258 678/541/258 672/537/258
f 673/543/258 677/544/258 678/541/258
f 720/545/258 729/540/258 719/542/258
f 720/545/258 728/546/258 729/540/258
f 673/543/258 676/547/258 677/544/258
f 721/548/258 728/546/258 720/545/258
f 722/549/258 728/546/258 721/548/258
f 674/550/258 676/547/258 673/543/258
f 722/549/258 727/551/258 728/546/258
f 723/552/258 727/551/258 722/549/258
f 674/550/258 675/553/258 676/547/258
f 724/554/258 727/551/258 723/552/258
f 724/554/258 726/555/258 727/551/258
f 725/556/258 726/555/258 724/554/258
f 1112/279/259 1111/281/259 1110/280/259
f 1112/279/259 1110/280/259 1109/282/259
f 835/283/259 1112/279/259 1109/282/259
f 835/283/259 1109/282/259 1108/284/259
f 836/285/259 835/283/259 1108/284/259
f 837/286/259 836/285/259 1108/284/259
f 837/286/259 1108/284/259 1107/287/259
f 838/288/259 837/286/259 1107/287/259
f 839/289/259 838/288/259 1107/287/259
f 840/290/259 839/289/259 1107/287/259
f 840/290/259 1107/287/259 1106/291/259
f 841/292/259 840/290/259 1106/291/259
f 842/293/259 841/292/259 1106/291/259
f 843/294/259 842/293/259 1106/291/259
f 843/294/259 1106/291/259 1105/295/259
f 844/296/259 843/294/259 1105/295/259
f 845/297/259 844/296/259 1105/295/259
f 845/297/259 1105/295/259 1104/298/259
f 846/299/259 845/297/259 1104/298/259
f 847/300/259 846/299/259 1104/298/259
f 848/301/259 847/300/259 1104/298/259
f 848/301/259 1104/298/259 1103/302/259
f 849/303/259 848/301/259 1103/302/259
f 850/304/259 849/303/259 1103/302/259
f 851/305/259 850/304/259 1103/302/259
f 851/305/259 1103/302/259 1102/306/259
f 852/307/259 851/305/259 1102/306/259
f 853/308/259 852/307/259 1102/306/259
f 854/309/259 853/308/259 1102/306/259
f 855/310/259 854/309/259 1102/306/259
f 855/310/259 1102/306/259 1101/311/259
f 856/312/259 855/310/259 1101/311/259
f 857/313/259 856/312/259 1101/311/259
f 858/314/259 857/313/259 1101/311/259
f 859/315/259 858/314/259 1101/311/259
f 859/315/259 1101/311/259 1100/316/259
f 860/317/259 859/315/259 1100/316/259
f 861/318/259 860/317/259 1100/316/259
f 861/318/259 1100/316/259 1099/319/259
f 862/320/259 861/318/259 1099/319/259
f 862/320/259 1099/319/259 1098/321/259
f 863/322/259 862/320/259 1098/321/259
f 863/322/259 1098/321/259 1097/323/259
f 864/324/259 863/322/259 1097/323/259
f 864/324/259 1097/323/259 1096/325/259
f 865/326/259 864/324/259 1096/325/259
f 865/326/259 1096/325/259 1095/327/259
f 866/328/259 865/326/259 1095/327/259
f 866/328/259 1095/327/259 1094/329/259
f 867/330/259 866/328/259 1094/329/259
f 867/330/259 1094/329/259 1093/331/259
f 868/332/259 867/330/259 1093/331/259
f 868/332/259 1093/331/259 1092/333/259
f 869/334/259 868/332/259 1092/333/259
f 869/334/259 1092/333/259 1091/335/259
f 870/336/259 869/334/259 1091/335/259
f 870/336/259 1091/335/259 1090/337/259
f 871/338/259 870/336/259 1090/337/259
f 871/338/259 1090/337/259 1089/339/259
f 872/340/259 871/338/259 1089/339/259
f 872/340/259 1089/339/259 1088/341/259
f 872/340/259 1088/341/259 1087/342/259
f 873/343/259 872/340/259 1087/342/259
f 873/343/259 1087/342/259 1086/344/259
f 874/345/259 873/343/259 1086/344/259
f 874/345/259 1086/344/259 1085/346/259
f 875/347/259 874/345/259 1085/346/259
f 875/347/259 1085/346/259 1084/348/259
f 875/347/259 1084/348/259 1083/349/259
f 876/350/259 875/347/259 1083/349/259
f 876/350/259 1083/349/259 1082/351/259
f 877/352/259 876/350/259 1082/351/259
f 877/352/259 1082/351/259 1081/353/259
f 878/354/259 877/352/259 1081/353/259
f 878/354/259 1081/353/259 1080/355/259
f 878/354/259 1080/355/259 1079/356/259
f 879/357/259 878/354/259 1079/356/259
f 879/357/259 1079/356/259 1078/358/259
f 880/359/259 879/357/259 1078/358/259
f 880/359/259 1078/358/259 1077/360/259
f 880/359/259 1077/360/259 1076/361/259
f 881/362/259 880/359/259 1076/361/259
f 881/362/259 1076/361/259 1075/363/259
f 882/364/259 881/362/259 1075/363/259
f 882/364/259 1075/363/259 1074/365/259
f 882/364/259 1074/365/259 1073/366/259
f 883/367/259 882/364/259 1073/366/259
f 884/368/259 883/367/259 1073/366/259
f 884/368/259 1073/366/259 1072/369/259
f 884/368/259 1072/369/259 1071/370/259
f 884/368/259 1071/370/259 1070/371/259
f 885/372/259 884/368/259 1070/371/259
f 885/372/259 1070/371/259 1069/373/259
f 885/372/259 1069/373/259 1068/374/259
f 885/372/259 1068/374/259 1067/375/259
f 886/376/259 885/372/259 1067/375/259
f 886/376/259 1067/375/259 1066/377/259
f 886/376/259 1066/377/259 1065/378/259
f 887/379/259 886/376/259 1065/378/259
f 887/379/259 1065/378/259 1064/380/259
f 887/379/259 1064/380/259 1063/381/259
f 888/382/259 887/379/259 1063/381/259
f 888/382/259 1063/381/259 1062/383/259
f 889/384/259 888/382/259 1062/383/259
f 889/384/259 1062/383/259 1061/385/259
f 890/386/259 889/384/259 1061/385/259
f 890/386/259 1061/385/259 1060/387/259
f 891/388/259 890/386/259 1060/387/259
f 891/388/259 1060/387/259 1059/389/259
f 891/388/259 1059/389/259 1058/390/259
f 892/391/259 891/388/259 1058/390/259
f 892/391/259 1058/390/259 1057/392/259
f 893/393/259 892/391/259 1057/392/259
f 893/393/259 1057/392/259 1056/394/259
f 894/395/259 893/393/259 1056/394/259
f 894/395/259 1056/394/259 1055/396/259
f 894/395/259 1055/396/259 1054/397/259
f 895/398/259 894/395/259 1054/397/259
f 895/398/259 1054/397/259 1053/399/259
f 896/400/259 895/398/259 1053/399/259
f 897/401/259 896/400/259 1053/399/259
f 897/401/259 1053/399/259 1052/402/259
f 898/403/259 897/401/259 1052/402/259
f 898/403/259 1052/402/259 1051/404/259
f 898/403/259 1051/404/259 1050/405/259
f 899/406/259 898/403/259 1050/405/259
f 899/406/259 1050/405/259 1049/407/259
f 900/408/259 899/406/259 1049/407/259
f 900/408/259 1049/407/259 1048/409/259
f 901/410/259 900/408/259 1048/409/259
f 901/410/259 1048/409/259 1047/411/259
f 902/412/259 901/410/259 1047/411/259
f 902/412/259 1047/411/259 1046/413/259
f 903/414/259 902/412/259 1046/413/259
f 903/414/259 1046/413/259 1045/415/259
f 904/416/259 903/414/259 1045/415/259
f 904/416/259 1045/415/259 1044/417/259
f 905/418/259 904/416/259 1044/417/259
f 905/418/259 1044/417/259 1043/419/259
f 906/420/259 905/418/259 1043/419/259
f 906/420/259 1043/419/259 1042/421/259
f 907/422/259 906/420/259 1042/421/259
f 907/422/259 1042/421/259 1041/423/259
f 908/424/259 907/422/259 1041/423/259
f 908/424/259 1041/423/259 1040/425/259
f 909/426/259 908/424/259 1040/425/259
f 910/427/259 909/426/259 1040/425/259
f 911/428/259 910/427/259 1040/425/259
f 912/429/259 911/428/259 1040/425/259
f 913/430/259 912/429/259 1040/425/259
f 914/431/259 913/430/259 1040/425/259
f 915/432/259 914/431/259 1040/425/259
f 916/433/259 915/432/259 1040/425/259
f 917/434/259 916/433/259 1040/425/259
f 918/435/259 917/434/259 1040/425/259
f 918/435/259 1040/425/259 1039/436/259
f 919/437/259 918/435/259 1039/436/259
f 919/437/259 1039/436/259 1038/438/259
f 920/439/259 919/437/259 1038/438/259
f 921/440/259 920/439/259 1038/438/259
f 921/440/259 1038/438/259 1037/441/259
f 921/440/259 1037/441/259 1036/442/259
f 922/443/259 921/440/259 1036/442/259
f 922/443/259 1036/442/259 1035/444/259
f 923/445/259 922/443/259 1035/444/259
f 923/445/259 1035/444/259 1034/446/259
f 924/447/259 923/445/259 1034/446/259
f 924/447/259 1034/446/259 1033/448/259
f 924/447/259 1033/448/259 1032/449/259
f 925/450/259 924/447/259 1032/449/259
f 925/450/259 1032/449/259 1031/451/259
f 925/450/259 1031/451/259 1030/452/259
f 926/453/259 925/450/259 1030/452/259
f 926/453/259 1030/452/259 1029/454/259
f 926/453/259 1029/454/259 1028/455/259
f 926/453/259 1028/455/259 1027/456/259
f 927/457/259 926/453/259 1027/456/259
f 927/457/259 1027/456/259 1026/458/259
f 928/459/259 927/457/259 1026/458/259
f 928/459/259 1026/458/259 1025/460/259
f 929/461/259 928/459/259 1025/460/259
f 929/461/259 1025/460/259 1024/462/259
f 930/463/259 929/461/259 1024/462/259
f 930/463/259 1024/462/259 1023/464/259
f 931/465/259 930/463/259 1023/464/259
f 931/465/259 1023/464/259 1022/466/259
f 932/467/259 931/465/259 1022/466/259
f 933/468/259 932/467/259 1022/466/259
f 934/469/259 933/468/259 1022/466/259
f 934/469/259 1022/466/259 979/470/259
f 979/470/259 1022/466/259 1021/471/259
f 935/472/259 934/469/259 979/470/259
f 935/472/259 979/470/259 978/473/259
f 980/474/259 979/470/259 1021/471/259
f 935/472/259 978/473/259 977/475/259
f 936/476/259 935/472/259 977/475/259
f 936/476/259 977/475/259 976/477/259
f 980/474/259 1021/471/259 1020/478/259
f 936/476/259 976/477/259 975/479/259
f 937/480/259 936/476/259 975/479/259
f 938/481/259 937/480/259 975/479/259
f 938/481/259 975/479/259 974/482/259
f 980/474/259 1020/478/259 1019/483/259
f 939/484/259 938/481/259 974/482/259
f 939/484/259 974/482/259 973/485/259
f 980/474/259 1019/483/259 1018/486/259
f 940/487/259 939/484/259 973/485/259
f 940/487/259 973/485/259 972/488/259
f 941/489/259 940/487/259 972/488/259
f 980/474/259 1018/486/259 1017/490/259
f 942/491/259 941/489/259 972/488/259
f 942/491/259 972/488/259 971/492/259
f 980/474/259 1017/490/259 1016/493/259
f 943/494/259 942/491/259 971/492/259
f 944/495/259 943/494/259 971/492/259
f 980/474/259 1016/493/259 1015/496/259
f 944/495/259 971/492/259 970/497/259
f 981/498/259 980/474/259 1015/496/259
f 944/495/259 970/497/259 969/499/259
f 982/500/259 981/498/259 1015/496/259
f 944/495/259 969/499/259 968/501/259
f 982/500/259 1015/496/259 1014/502/259
f 944/495/259 968/501/259 967/503/259
f 945/504/259 944/495/259 967/503/259
f 983/505/259 982/500/259 1014/502/259
f 945/504/259 967/503/259 966/506/259
f 984/507/259 983/505/259 1014/502/259
f 984/507/259 1014/502/259 1013/508/259
f 945/504/259 966/506/259 965/509/259
f 985/510/259 984/507/259 1013/508/259
f 946/511/259 945/504/259 965/509/259
f 946/511/259 965/509/259 964/512/259
f 986/513/259 985/510/259 1013/508/259
f 986/513/259 1013/508/259 1012/514/259
f 946/511/259 964/512/259 963/515/259
f 987/516/259 986/513/259 1012/514/259
f 947/517/259 946/511/259 963/515/259
f 987/516/259 1012/514/259 1011/518/259
f 988/519/259 987/516/259 1011/518/259
f 947/517/259 963/515/259 962/520/259
f 989/521/259 988/519/259 1011/518/259
f 947/517/259 962/520/259 961/522/259
f 989/521/259 1011/518/259 1010/523/259
f 948/524/259 947/517/259 961/522/259
f 990/525/259 989/521/259 1010/523/259
f 991/526/259 990/525/259 1010/523/259
f 948/524/259 961/522/259 960/527/259
f 992/528/259 991/526/259 1010/523/259
f 992/528/259 1010/523/259 1009/529/259
f 949/530/259 948/524/259 960/527/259
f 993/531/259 992/528/259 1009/529/259
f 949/530/259 960/527/259 959/532/259
f 994/533/259 993/531/259 1009/529/259
f 994/533/259 1009/529/259 1008/534/259
f 949/530/259 959/532/259 958/535/259
f 995/536/259 994/533/259 1008/534/259
f 950/537/259 949/530/259 958/535/259
f 950/537/259 958/535/259 957/538/259
f 996/539/259 995/536/259 1008/534/259
f 996/539/259 1008/534/259 1007/540/259
f 950/537/259 957/538/259 956/541/259
f 997/542/259 996/539/259 1007/540/259
f 951/543/259 950/537/259 956/541/259
f 951/543/259 956/541/259 955/544/259
f 998/545/259 997/542/259 1007/540/259
f 998/545/259 1007/540/259 1006/546/259
f 951/543/259 955/544/259 954/547/259
f 999/548/259 998/545/259 1006/546/259
f 1000/549/259 999/548/259 1006/546/259
f 952/550/259 951/543/259 954/547/259
f 1000/549/259 1006/546/259 1005/551/259
f 1001/552/259 1000/549/259 1005/551/259
f 952/550/259 954/547/259 953/553/259
f 1002/554/259 1001/552/259 1005/551/259
f 1002/554/259 1005/551/259 1004/555/259
f 1003/556/259 1002/554/259 1004/555/259
f 834/279/260 833/281/260 1111/281/260 1112/279/260
f 833/281/261 832/280/261 1110/280/261 1111/281/261
f 832/280/262 831/282/262 1109/282/262 1110/280/262
f 557/283/263 834/279/263 1112/279/263 835/283/263
f 831/282/264 830/284/264 1108/284/264 1109/282/264
f 558/285/265 557/283/265 835/283/265 836/285/265
f 559/286/266 558/285/266 836/285/266 837/286/266
f 830/284/267 829/287/267 1107/287/267 1108/284/267
f 560/288/268 559/286/268 837/286/268 838/288/268
f 561/289/269 560/288/269 838/288/269 839/289/269
f 562/290/270 561/289/270 839/289/270 840/290/270
f 829/287/271 828/291/271 1106/291/271 1107/287/271
f 563/292/272 562/290/272 840/290/272 841/292/272
f 564/293/273 563/292/273 841/292/273 842/293/273
f 565/294/274 564/293/274 842/293/274 843/294/274
f 828/291/275 827/295/275 1105/295/275 1106/291/275
f 566/296/276 565/294/276 843/294/276 844/296/276
f 567/297/277 566/296/277 844/296/277 845/297/277
f 827/295/278 826/298/278 1104/298/278 1105/295/278
f 568/299/279 567/297/279 845/297/279 846/299/279
f 569/300/280 568/299/280 846/299/280 847/300/280
f 570/301/281 569/300/281 847/300/281 848/301/281
f 826/298/282 825/302/282 1103/302/282 1104/298/282
f 571/303/283 570/301/283 848/301/283 849/303/283
f 572/304/284 571/303/284 849/303/284 850/304/284
f 573/305/285 572/304/285 850/304/285 851/305/285
f 825/302/286 824/306/286 1102/306/286 1103/302/286
f 574/307/287 573/305/287 851/305/287 852/307/287
f 575/308/288 574/307/288 852/307/288 853/308/288
f 576/309/289 575/308/289 853/308/289 854/309/289
f 577/310/290 576/309/290 854/309/290 855/310/290
f 824/306/291 823/311/291 1101/311/291 1102/306/291
f 578/312/292 577/310/292 855/310/292 856/312/292
f 579/313/293 578/312/293 856/312/293 857/313/293
f 580/314/294 579/313/294 857/313/294 858/314/294
f 581/315/295 580/314/295 858/314/295 859/315/295
f 823/311/296 822/316/296 1100/316/296 1101/311/296
f 582/317/297 581/315/297 859/315/297 860/317/297
f 583/318/298 582/317/298 860/317/298 861/318/298
f 822/316/299 821/319/299 1099/319/299 1100/316/299
f 584/320/300 583/318/300 861/318/300 862/320/300
f 821/319/301 820/321/301 1098/321/301 1099/319/301
f 585/322/302 584/320/302 862/320/302 863/322/302
f 820/321/303 819/323/303 1097/323/303 1098/321/303
f 586/324/304 585/322/304 863/322/304 864/324/304
f 819/323/305 818/325/305 1096/325/305 1097/323/305
f 587/326/306 586/324/306 864/324/306 865/326/306
f 818/325/307 817/327/307 1095/327/307 1096/325/307
f 588/328/308 587/326/308 865/326/308 866/328/308
f 817/327/309 816/329/309 1094/329/309 1095/327/309
f 589/330/310 588/328/310 866/328/310 867/330/310
f 816/329/311 815/331/311 1093/331/311 1094/329/311
f 590/332/312 589/330/312 867/330/312 868/332/312
f 815/331/313 814/333/313 1092/333/313 1093/331/313
f 591/334/314 590/332/314 868/332/314 869/334/314
f 814/333/315 813/335/315 1091/335/315 1092/333/315
f 592/336/316 591/334/316 869/334/316 870/336/316
f 813/335/317 812/337/317 1090/337/317 1091/335/317
f 593/338/318 592/336/318 870/336/318 871/338/318
f 812/337/319 811/339/319 1089/339/319 1090/337/319
f 594/340/320 593/338/320 871/338/320 872/340/320
f 811/339/321 810/341/321 1088/341/321 1089/339/321
f 810/341/322 809/342/322 1087/342/322 1088/341/322
f 595/343/323 594/340/323 872/340/323 873/343/323
f 809/342/324 808/344/324 1086/344/324 1087/342/324
f 596/345/325 595/343/325 873/343/325 874/345/325
f 808/344/326 807/346/326 1085/346/326 1086/344/326
f 597/347/327 596/345/327 874/345/327 875/347/327
f 807/346/328 806/348/328 1084/348/328 1085/346/328
f 806/348/329 805/349/329 1083/349/329 1084/348/329
f 598/350/330 597/347/330 875/347/330 876/350/330
f 805/349/331 804/351/331 1082/351/331 1083/349/331
f 599/352/332 598/350/332 876/350/332 877/352/332
f 804/351/333 803/353/333 1081/353/333 1082/351/333
f 600/354/334 599/352/334 877/352/334 878/354/334
f 803/353/335 802/355/335 1080/355/335 1081/353/335
f 802/355/336 801/356/336 1079/356/336 1080/355/336
f 601/357/337 600/354/337 878/354/337 879/357/337
f 801/356/338 800/358/338 1078/358/338 1079/356/338
f 602/359/339 601/357/339 879/357/339 880/359/339
f 800/358/340 799/360/340 1077/360/340 1078/358/340
f 799/360/341 798/361/341 1076/361/341 1077/360/341
f 603/362/342 602/359/342 880/359/342 881/362/342
f 798/361/343 797/363/343 1075/363/343 1076/361/343
f 604/364/344 603/362/344 881/362/344 882/364/344
f 797/363/345 796/365/345 1074/365/345 1075/363/345
f 796/365/346 795/366/346 1073/366/346 1074/365/346
f 605/367/347 604/364/347 882/364/347 883/367/347
f 606/368/348 605/367/348 883/367/348 884/368/348
f 795/366/349 794/369/349 1072/369/349 1073/366/349
f 794/369/350 793/370/350 1071/370/350 1072/369/350
f 793/370/351 792/371/351 1070/371/351 1071/370/351
f 607/372/352 606/368/352 884/368/352 885/372/352
f 792/371/353 791/373/353 1069/373/353 1070/371/353
f 791/373/354 790/374/354 1068/374/354 1069/373/354
f 790/374/355 789/375/355 1067/375/355 1068/374/355
f 608/376/356 607/372/356 885/372/356 886/376/356
f 789/375/357 788/377/357 1066/377/357 1067/375/357
f 788/377/358 787/378/358 1065/378/358 1066/377/358
f 609/379/359 608/376/359 886/376/359 887/379/359
f 787/378/360 786/380/360 1064/380/360 1065/378/360
f 786/380/361 785/381/361 1063/381/361 1064/380/361
f 610/382/362 609/379/362 887/379/362 888/382/362
f 785/381/363 784/383/363 1062/383/363 1063/381/363
f 611/384/364 610/382/364 888/382/364 889/384/364
f 784/383/365 783/385/365 1061/385/365 1062/383/365
f 612/386/366 611/384/366 889/384/366 890/386/366
f 783/385/367 782/387/367 1060/387/367 1061/385/367
f 613/388/368 612/386/368 890/386/368 891/388/368
f 782/387/369 781/389/369 1059/389/369 1060/387/369
f 781/389/370 780/390/370 1058/390/370 1059/389/370
f 614/391/371 613/388/371 891/388/371 892/391/371
f 780/390/372 779/392/372 1057/392/372 1058/390/372
f 615/393/373 614/391/373 892/391/373 893/393/373
f 779/392/374 778/394/374 1056/394/374 1057/392/374
f 616/395/375 615/393/375 893/393/375 894/395/375
f 778/394/376 777/396/376 1055/396/376 1056/394/376
f 777/396/377 776/397/377 1054/397/377 1055/396/377
f 617/398/378 616/395/378 894/395/378 895/398/378
f 776/397/379 775/399/379 1053/399/379 1054/397/379
f 618/400/380 617/398/380 895/398/380 896/400/380
f 619/401/381 618/400/381 896/400/381 897/401/381
f 775/399/382 774/402/382 1052/402/382 1053/399/382
f 620/403/383 619/401/383 897/401/383 898/403/383
f 774/402/384 773/404/384 1051/404/384 1052/402/384
f 773/404/385 772/405/385 1050/405/385 1051/404/385
f 621/406/386 620/403/386 898/403/386 899/406/386
f 772/405/387 771/407/387 1049/407/387 1050/405/387
f 622/408/388 621/406/388 899/406/388 900/408/388
f 771/407/389 770/409/389 1048/409/389 1049/407/389
f 623/410/390 622/408/390 900/408/390 901/410/390
f 770/409/391 769/411/391 1047/411/391 1048/409/391
f 624/412/392 623/410/392 901/410/392 902/412/392
f 769/411/393 768/413/393 1046/413/393 1047/411/393
f 625/414/394 624/412/394 902/412/394 903/414/394
f 768/413/395 767/415/395 1045/415/395 1046/413/395
f 626/416/396 625/414/396 903/414/396 904/416/396
f 767/415/397 766/417/397 1044/417/397 1045/415/397
f 627/418/398 626/416/398 904/416/398 905/418/398
f 766/417/399 765/419/399 1043/419/399 1044/417/399
f 628/420/400 627/418/400 905/418/400 906/420/400
f 765/419/401 764/421/401 1042/421/401 1043/419/401
f 629/422/402 628/420/402 906/420/402 907/422/402
f 764/421/403 763/423/403 1041/423/403 1042/421/403
f 630/424/404 629/422/404 907/422/404 908/424/404
f 763/423/405 762/425/405 1040/425/405 1041/423/405
f 631/426/406 630/424/406 908/424/406 909/426/406
f 632/427/398 631/426/398 909/426/398 910/427/398
f 633/428/407 632/427/407 910/427/407 911/428/407
f 634/429/408 633/428/408 911/428/408 912/429/408
f 635/430/409 634/429/409 912/429/409 913/430/409
f 636/431/410 635/430/410 913/430/410 914/431/410
f 637/432/411 636/431/411 914/431/411 915/432/411
f 638/433/412 637/432/412 915/432/412 916/433/412
f 639/434/413 638/433/413 916/433/413 917/434/413
f 640/435/414 639/434/414 917/434/414 918/435/414
f 762/425/415 761/436/415 1039/436/415 1040/425/415
f 641/437/416 640/435/416 918/435/416 919/437/416
f 761/436/415 760/438/415 1038/438/415 1039/436/415
f 642/439/417 641/437/417 919/437/417 920/439/417
f 643/440/418 642/439/418 920/439/418 921/440/418
f 760/438/415 759/441/415 1037/441/415 1038/438/415
f 759/441/415 758/442/415 1036/442/415 1037/441/415
f 644/443/419 643/440/419 921/440/419 922/443/419
f 758/442/415 757/444/415 1035/444/415 1036/442/415
f 645/445/420 644/443/420 922/443/420 923/445/420
f 757/444/415 756/446/415 1034/446/415 1035/444/415
f 646/447/421 645/445/421 923/445/421 924/447/421
f 756/446/415 755/448/415 1033/448/415 1034/446/415
f 755/448/415 754/449/415 1032/449/415 1033/448/415
f 647/450/422 646/447/422 924/447/422 925/450/422
f 754/449/415 753/451/415 1031/451/415 1032/449/415
f 753/451/415 752/452/415 1030/452/415 1031/451/415
f 648/453/423 647/450/423 925/450/423 926/453/423
f 752/452/415 751/454/415 1029/454/415 1030/452/415
f 751/454/415 750/455/415 1028/455/415 1029/454/415
f 750/455/424 749/456/424 1027/456/424 1028/455/424
f 649/457/425 648/453/425 926/453/425 927/457/425
f 749/456/426 748/458/426 1026/458/426 1027/456/426
f 650/459/427 649/457/427 927/457/427 928/459/427
f 748/458/428 747/460/428 1025/460/428 1026/458/428
f 651/461/429 650/459/429 928/459/429 929/461/429
f 747/460/430 746/462/430 1024/462/430 1025/460/430
f 652/463/431 651/461/431 929/461/431 930/463/431
f 746/462/432 745/464/432 1023/464/432 1024/462/432
f 653/465/433 652/463/433 930/463/433 931/465/433
f 745/464/434 744/466/434 1022/466/434 1023/464/434
f 654/467/435 653/465/435 931/465/435 932/467/435
f 655/468/436 654/467/436 932/467/436 933/468/436
f 656/469/437 655/468/437 933/468/437 934/469/437
f 744/466/438 743/471/438 1021/471/438 1022/466/438
f 657/472/439 656/469/439 934/469/439 935/472/439
f 701/470/440 700/473/440 978/473/440 979/470/440
f 702/474/441 701/470/441 979/470/441 980/474/441
f 700/473/440 699/475/440 977/475/440 978/473/440
f 658/476/442 657/472/442 935/472/442 936/476/442
f 699/475/440 698/477/440 976/477/440 977/475/440
f 743/471/443 742/478/443 1020/478/443 1021/471/443
f 698/477/440 697/479/440 975/479/440 976/477/440
f 659/480/444 658/476/444 936/476/444 937/480/444
f 660/481/445 659/480/445 937/480/445 938/481/445
f 697/479/440 696/482/440 974/482/440 975/479/440
f 742/478/446 741/483/446 1019/483/446 1020/478/446
f 661/484/447 660/481/447 938/481/447 939/484/447
f 696/482/440 695/485/440 973/485/440 974/482/440
f 741/483/448 740/486/448 1018/486/448 1019/483/448
f 662/487/449 661/484/449 939/484/449 940/487/449
f 695/485/440 694/488/440 972/488/440 973/485/440
f 663/489/450 662/487/450 940/487/450 941/489/450
f 740/486/451 739/490/451 1017/490/451 1018/486/451
f 664/491/452 663/489/452 941/489/452 942/491/452
f 694/488/440 693/492/440 971/492/440 972/488/440
f 739/490/453 738/493/453 1016/493/453 1017/490/453
f 665/494/454 664/491/454 942/491/454 943/494/454
f 666/495/455 665/494/455 943/494/455 944/495/455
f 738/493/456 737/496/456 1015/496/456 1016/493/456
f 693/492/440 692/497/440 970/497/440 971/492/440
f 703/498/457 702/474/457 980/474/457 981/498/457
f 692/497/440 691/499/440 969/499/440 970/497/440
f 704/500/458 703/498/458 981/498/458 982/500/458
f 691/499/440 690/501/440 968/501/440 969/499/440
f 737/496/459 736/502/459 1014/502/459 1015/496/459
f 690/501/440 689/503/440 967/503/440 968/501/440
f 667/504/460 666/495/460 944/495/460 945/504/460
f 705/505/461 704/500/461 982/500/461 983/505/461
f 689/503/462 688/506/462 966/506/462 967/503/462
f 706/507/463 705/505/463 983/505/463 984/507/463
f 736/502/464 735/508/464 1013/508/464 1014/502/464
f 688/506/465 687/509/465 965/509/465 966/506/465
f 707/510/466 706/507/466 984/507/466 985/510/466
f 668/511/467 667/504/467 945/504/467 946/511/467
f 687/509/468 686/512/468 964/512/468 965/509/468
f 708/513/469 707/510/469 985/510/469 986/513/469
f 735/508/470 734/514/470 1012/514/470 1013/508/470
f 686/512/471 685/515/471 963/515/471 964/512/471
f 709/516/472 708/513/472 986/513/472 987/516/472
f 669/517/473 668/511/473 946/511/473 947/517/473
f 734/514/474 733/518/474 1011/518/474 1012/514/474
f 710/519/475 709/516/475 987/516/475 988/519/475
f 685/515/476 684/520/476 962/520/476 963/515/476
f 711/521/477 710/519/477 988/519/477 989/521/477
f 684/520/478 683/522/478 961/522/478 962/520/478
f 733/518/479 732/523/479 1010/523/479 1011/518/479
f 670/524/480 669/517/480 947/517/480 948/524/480
f 712/525/481 711/521/481 989/521/481 990/525/481
f 713/526/482 712/525/482 990/525/482 991/526/482
f 683/522/483 682/527/483 960/527/483 961/522/483
f 714/528/484 713/526/484 991/526/484 992/528/484
f 732/523/485 731/529/485 1009/529/485 1010/523/485
f 671/530/486 670/524/486 948/524/486 949/530/486
f 715/531/487 714/528/487 992/528/487 993/531/487
f 682/527/488 681/532/488 959/532/488 960/527/488
f 716/533/489 715/531/489 993/531/489 994/533/489
f 731/529/490 730/534/490 1008/534/490 1009/529/490
f 681/532/491 680/535/491 958/535/491 959/532/491
f 717/536/492 716/533/492 994/533/492 995/536/492
f 672/537/493 671/530/493 949/530/493 950/537/493
f 680/535/494 679/538/494 957/538/494 958/535/494
f 718/539/495 717/536/495 995/536/495 996/539/495
f 730/534/496 729/540/496 1007/540/496 1008/534/496
f 679/538/497 678/541/497 956/541/497 957/538/497
f 719/542/498 718/539/498 996/539/498 997/542/498
f 673/543/499 672/537/499 950/537/499 951/543/499
f 678/541/500 677/544/500 955/544/500 956/541/500
f 720/545/501 719/542/501 997/542/501 998/545/501
f 729/540/502 728/546/502 1006/546/502 1007/540/502
f 677/544/503 676/547/503 954/547/503 955/544/503
f 721/548/504 720/545/504 998/545/504 999/548/504
f 722/549/505 721/548/505 999/548/505 1000/549/505
f 674/550/506 673/543/506 951/543/506 952/550/506
f 728/546/507 727/551/507 1005/551/507 1006/546/507
f 723/552/508 722/549/508 1000/549/508 1001/552/508
f 675/553/509 674/550/509 952/550/509 953/553/509
f 676/547/510 675/553/510 953/553/510 954/547/510
f 724/554/511 723/552/511 1001/552/511 1002/554/511
f 727/551/512 726/555/512 1004/555/512 1005/551/512
f 725/556/513 724/554/513 1002/554/513 1003/556/513
f 726/555/514 725/556/514 1003/556/514 1004/555/514
